Public ID,Organization,Availability,System Name (Click + for details),Board Name,Host Processor Frequency,Software,Processor,Accelerator,Benchmark,Model MLC,Units,Avg. Result
0.5-464,Harvard (Reference),Available,Nucleo-L4R5ZI,,,Tensorflow Lite for Microcontrollers,Arm Cortex-M4 w/ FPU,nan,Tiny,DSCNN,Latency in ms,181.917
0.5-464,Harvard (Reference),Available,Nucleo-L4R5ZI,,,Tensorflow Lite for Microcontrollers,Arm Cortex-M4 w/ FPU,nan,Tiny,DSCNN,Energy in uJ,7373.7
0.5-464,Harvard (Reference),Available,Nucleo-L4R5ZI,,,Tensorflow Lite for Microcontrollers,Arm Cortex-M4 w/ FPU,nan,Tiny,FC AutoEncoder,Latency in ms,10.4
0.5-464,Harvard (Reference),Available,Nucleo-L4R5ZI,,,Tensorflow Lite for Microcontrollers,Arm Cortex-M4 w/ FPU,nan,Tiny,FC AutoEncoder,Energy in uJ,416.312
0.5-464,Harvard (Reference),Available,Nucleo-L4R5ZI,,,Tensorflow Lite for Microcontrollers,Arm Cortex-M4 w/ FPU,nan,Tiny,MobileNetV1 (0.25x),Latency in ms,603.136
0.5-464,Harvard (Reference),Available,Nucleo-L4R5ZI,,,Tensorflow Lite for Microcontrollers,Arm Cortex-M4 w/ FPU,nan,Tiny,MobileNetV1 (0.25x),Energy in uJ,24320.8
0.5-464,Harvard (Reference),Available,Nucleo-L4R5ZI,,,Tensorflow Lite for Microcontrollers,Arm Cortex-M4 w/ FPU,nan,Tiny,ResNet-V1,Latency in ms,704.225
0.5-464,Harvard (Reference),Available,Nucleo-L4R5ZI,,,Tensorflow Lite for Microcontrollers,Arm Cortex-M4 w/ FPU,nan,Tiny,ResNet-V1,Energy in uJ,29207
0.5-465,Peng Cheng Laboratory,Available,PCL Scepu02,,,TensorFlowLite for Microcontrollers 2.3.1 (modified),RV32IMAC with FPU(1),nan,Tiny,DSCNN,Latency in ms,325.63
0.5-465,Peng Cheng Laboratory,Available,PCL Scepu02,,,TensorFlowLite for Microcontrollers 2.3.1 (modified),RV32IMAC with FPU(1),nan,Tiny,FC AutoEncoder,Latency in ms,13.65
0.5-465,Peng Cheng Laboratory,Available,PCL Scepu02,,,TensorFlowLite for Microcontrollers 2.3.1 (modified),RV32IMAC with FPU(1),nan,Tiny,FC AutoEncoder,Energy in uJ,
0.5-465,Peng Cheng Laboratory,Available,PCL Scepu02,,,TensorFlowLite for Microcontrollers 2.3.1 (modified),RV32IMAC with FPU(1),nan,Tiny,MobileNetV1 (0.25x),Latency in ms,846.74
0.5-465,Peng Cheng Laboratory,Available,PCL Scepu02,,,TensorFlowLite for Microcontrollers 2.3.1 (modified),RV32IMAC with FPU(1),nan,Tiny,ResNet-V1,Latency in ms,1239.16
0.5-466,Latent AI,Available,Raspberry Pi 4,,,LEIP Framework,Broadcom BCM2711,nan,Tiny,DSCNN,Latency in ms,0.39323
0.5-466,Latent AI,Available,Raspberry Pi 4,,,LEIP Framework,Broadcom BCM2711,nan,Tiny,FC AutoEncoder,Latency in ms,0.168549
0.5-466,Latent AI,Available,Raspberry Pi 4,,,LEIP Framework,Broadcom BCM2711,nan,Tiny,FC AutoEncoder,Energy in uJ,
0.5-466,Latent AI,Available,Raspberry Pi 4,,,LEIP Framework,Broadcom BCM2711,nan,Tiny,MobileNetV1 (0.25x),Latency in ms,3.74547
0.5-466,Latent AI,Available,Raspberry Pi 4,,,LEIP Framework,Broadcom BCM2711,nan,Tiny,ResNet-V1,Latency in ms,1.31235
0.5-467,Latent AI,Available,Raspberry Pi 4,,,LEIP Framework,Broadcom BCM2711,nan,Tiny,DSCNN,Latency in ms,0.42147
0.5-467,Latent AI,Available,Raspberry Pi 4,,,LEIP Framework,Broadcom BCM2711,nan,Tiny,FC AutoEncoder,Latency in ms,0.192092
0.5-467,Latent AI,Available,Raspberry Pi 4,,,LEIP Framework,Broadcom BCM2711,nan,Tiny,FC AutoEncoder,Energy in uJ,
0.5-467,Latent AI,Available,Raspberry Pi 4,,,LEIP Framework,Broadcom BCM2711,nan,Tiny,MobileNetV1 (0.25x),Latency in ms,2.5993
0.5-467,Latent AI,Available,Raspberry Pi 4,,,LEIP Framework,Broadcom BCM2711,nan,Tiny,ResNet-V1,Latency in ms,1.07149
0.5-468,Syntiant,Available,NDP9120,,,TensorFlow; Syntiant TDK; SDK,Cortex-M0 (1),Syntiant Core 2,Tiny,DSCNN,Latency in ms,5.95
0.5-468,Syntiant,Available,NDP9120,,,TensorFlow; Syntiant TDK; SDK,Cortex-M0 (1),Syntiant Core 2,Tiny,FC AutoEncoder,Energy in uJ,
0.5-469,hls4ml,Available,Pynq-Z2,,,hls4ml,Dual Core ARM; Cortex-A9 MPCore,Xilinx Z-7020; XC7Z020,Tiny,,Energy in uJ,
0.5-469,hls4ml,Available,Pynq-Z2,,,hls4ml,Dual Core ARM; Cortex-A9 MPCore,Xilinx Z-7020; XC7Z020,Tiny,Conv2D,Model,
0.5-469,hls4ml,Available,Pynq-Z2,,,hls4ml,Dual Core ARM; Cortex-A9 MPCore,Xilinx Z-7020; XC7Z020,Tiny,Conv2D,Latency in ms,7.9
0.5-469,hls4ml,Available,Pynq-Z2,,,hls4ml,Dual Core ARM; Cortex-A9 MPCore,Xilinx Z-7020; XC7Z020,Tiny,Conv2D,Accuracy,0.77
0.5-469,hls4ml,Available,Pynq-Z2,,,hls4ml,Dual Core ARM; Cortex-A9 MPCore,Xilinx Z-7020; XC7Z020,Tiny,Dense,Model,
0.5-469,hls4ml,Available,Pynq-Z2,,,hls4ml,Dual Core ARM; Cortex-A9 MPCore,Xilinx Z-7020; XC7Z020,Tiny,Dense,Latency in ms,0.096
0.5-469,hls4ml,Available,Pynq-Z2,,,hls4ml,Dual Core ARM; Cortex-A9 MPCore,Xilinx Z-7020; XC7Z020,Tiny,Dense,AUC,0.82
0.7-2001,Andes,Available,ADP-XC7K160/410 FPGA,,,TensorFlowLite for Microcontrollers; Andes NN Library,AndesCore D25F; 5-stage; single-issue; RV32 IMACP (1),RISC-V P Extension,Tiny,DSCNN,Latency in ms,79.85
0.7-2001,Andes,Available,ADP-XC7K160/410 FPGA,,,TensorFlowLite for Microcontrollers; Andes NN Library,AndesCore D25F; 5-stage; single-issue; RV32 IMACP (1),RISC-V P Extension,Tiny,FC AutoEncoder,Latency in ms,16.8
0.7-2001,Andes,Available,ADP-XC7K160/410 FPGA,,,TensorFlowLite for Microcontrollers; Andes NN Library,AndesCore D25F; 5-stage; single-issue; RV32 IMACP (1),RISC-V P Extension,Tiny,MobileNetV1 (0.25x),Latency in ms,296.38
0.7-2001,Andes,Available,ADP-XC7K160/410 FPGA,,,TensorFlowLite for Microcontrollers; Andes NN Library,AndesCore D25F; 5-stage; single-issue; RV32 IMACP (1),RISC-V P Extension,Tiny,ResNet-V1,Latency in ms,304.69
0.7-2002,Andes,Available,ADP-XC7K160/410 FPGA,,,TensorFlowLite for Microcontrollers; Andes NN Library,AndesCore D45; 8-stage; dual-issue; RV32 IMACP (1),RISC-V P Extension,Tiny,DSCNN,Latency in ms,68.31
0.7-2002,Andes,Available,ADP-XC7K160/410 FPGA,,,TensorFlowLite for Microcontrollers; Andes NN Library,AndesCore D45; 8-stage; dual-issue; RV32 IMACP (1),RISC-V P Extension,Tiny,FC AutoEncoder,Latency in ms,12.13
0.7-2002,Andes,Available,ADP-XC7K160/410 FPGA,,,TensorFlowLite for Microcontrollers; Andes NN Library,AndesCore D45; 8-stage; dual-issue; RV32 IMACP (1),RISC-V P Extension,Tiny,MobileNetV1 (0.25x),Latency in ms,225.58
0.7-2002,Andes,Available,ADP-XC7K160/410 FPGA,,,TensorFlowLite for Microcontrollers; Andes NN Library,AndesCore D45; 8-stage; dual-issue; RV32 IMACP (1),RISC-V P Extension,Tiny,ResNet-V1,Latency in ms,227.69
0.7-2003,Andes,Available,Xilinx VCU118 FPGA,,,TensorFlowLite for Microcontrollers;  Andes NN Library,AndesCore NX27V; 5-stage; single-issue; RV64 IMACV; RVV(VLEN; SIMD; BIU)=(128; 128; 128) (1),RISC-V V Extension,Tiny,FC AutoEncoder,Latency in ms,4.09
0.7-2004,Plumerai,Available,NUCLEO-L4R5ZI,,,Plumerai inference engine,Arm Cortex-M4,nan,Tiny,DSCNN,Latency in ms,73.5
0.7-2004,Plumerai,Available,NUCLEO-L4R5ZI,,,Plumerai inference engine,Arm Cortex-M4,nan,Tiny,FC AutoEncoder,Latency in ms,5.9
0.7-2004,Plumerai,Available,NUCLEO-L4R5ZI,,,Plumerai inference engine,Arm Cortex-M4,nan,Tiny,MobileNetV1 (0.25x),Latency in ms,220.4
0.7-2004,Plumerai,Available,NUCLEO-L4R5ZI,,,Plumerai inference engine,Arm Cortex-M4,nan,Tiny,ResNet-V1,Latency in ms,184.6
0.7-2005,Plumerai,Available,CY8CPROTO_062_4343w,,,Plumerai inference engine,Arm Cortex-M4,nan,Tiny,DSCNN,Latency in ms,63.6
0.7-2005,Plumerai,Available,CY8CPROTO_062_4343w,,,Plumerai inference engine,Arm Cortex-M4,nan,Tiny,FC AutoEncoder,Latency in ms,6.8
0.7-2005,Plumerai,Available,CY8CPROTO_062_4343w,,,Plumerai inference engine,Arm Cortex-M4,nan,Tiny,MobileNetV1 (0.25x),Latency in ms,200
0.7-2005,Plumerai,Available,CY8CPROTO_062_4343w,,,Plumerai inference engine,Arm Cortex-M4,nan,Tiny,ResNet-V1,Latency in ms,202.8
0.7-2006,Plumerai,Available,DISCO-F746NG,,,Plumerai inference engine,Arm Cortex-M7,nan,Tiny,DSCNN,Latency in ms,19.5
0.7-2006,Plumerai,Available,DISCO-F746NG,,,Plumerai inference engine,Arm Cortex-M7,nan,Tiny,FC AutoEncoder,Latency in ms,2.4
0.7-2006,Plumerai,Available,DISCO-F746NG,,,Plumerai inference engine,Arm Cortex-M7,nan,Tiny,MobileNetV1 (0.25x),Latency in ms,59.4
0.7-2006,Plumerai,Available,DISCO-F746NG,,,Plumerai inference engine,Arm Cortex-M7,nan,Tiny,ResNet-V1,Latency in ms,65.1
0.7-2007,Renesas,Available,EK-RA6M4,,,TensorFlowLite for Microcontrollers,Arm Cortex-M33 w/FPU(1),nan,Tiny,DSCNN,Latency in ms,50.5715
0.7-2007,Renesas,Available,EK-RA6M4,,,TensorFlowLite for Microcontrollers,Arm Cortex-M33 w/FPU(1),nan,Tiny,DSCNN,Energy in uJ,3796.96
0.7-2007,Renesas,Available,EK-RA6M4,,,TensorFlowLite for Microcontrollers,Arm Cortex-M33 w/FPU(1),nan,Tiny,FC AutoEncoder,Latency in ms,4.61314
0.7-2007,Renesas,Available,EK-RA6M4,,,TensorFlowLite for Microcontrollers,Arm Cortex-M33 w/FPU(1),nan,Tiny,FC AutoEncoder,Energy in uJ,324.088
0.7-2007,Renesas,Available,EK-RA6M4,,,TensorFlowLite for Microcontrollers,Arm Cortex-M33 w/FPU(1),nan,Tiny,MobileNetV1 (0.25x),Latency in ms,162.364
0.7-2007,Renesas,Available,EK-RA6M4,,,TensorFlowLite for Microcontrollers,Arm Cortex-M33 w/FPU(1),nan,Tiny,MobileNetV1 (0.25x),Energy in uJ,11851.8
0.7-2007,Renesas,Available,EK-RA6M4,,,TensorFlowLite for Microcontrollers,Arm Cortex-M33 w/FPU(1),nan,Tiny,ResNet-V1,Latency in ms,246.184
0.7-2007,Renesas,Available,EK-RA6M4,,,TensorFlowLite for Microcontrollers,Arm Cortex-M33 w/FPU(1),nan,Tiny,ResNet-V1,Energy in uJ,17723.8
0.7-2008,Renesas,Available,RX65N-Cloud-Kit,,,TensorFlowLite for Microcontrollers,Renesas RXv2,nan,Tiny,DSCNN,Latency in ms,81.8465
0.7-2008,Renesas,Available,RX65N-Cloud-Kit,,,TensorFlowLite for Microcontrollers,Renesas RXv2,nan,Tiny,DSCNN,Energy in uJ,4422.68
0.7-2008,Renesas,Available,RX65N-Cloud-Kit,,,TensorFlowLite for Microcontrollers,Renesas RXv2,nan,Tiny,FC AutoEncoder,Latency in ms,8.55373
0.7-2008,Renesas,Available,RX65N-Cloud-Kit,,,TensorFlowLite for Microcontrollers,Renesas RXv2,nan,Tiny,FC AutoEncoder,Energy in uJ,437.442
0.7-2008,Renesas,Available,RX65N-Cloud-Kit,,,TensorFlowLite for Microcontrollers,Renesas RXv2,nan,Tiny,MobileNetV1 (0.25x),Latency in ms,248.509
0.7-2008,Renesas,Available,RX65N-Cloud-Kit,,,TensorFlowLite for Microcontrollers,Renesas RXv2,nan,Tiny,MobileNetV1 (0.25x),Energy in uJ,13316.4
0.7-2008,Renesas,Available,RX65N-Cloud-Kit,,,TensorFlowLite for Microcontrollers,Renesas RXv2,nan,Tiny,ResNet-V1,Latency in ms,289.352
0.7-2008,Renesas,Available,RX65N-Cloud-Kit,,,TensorFlowLite for Microcontrollers,Renesas RXv2,nan,Tiny,ResNet-V1,Energy in uJ,14350.9
0.7-2009,STMicroelectronics,Available,NUCLEO-L4R5ZI,,,X-CUBE-AI v7.1.0,Arm Cortex-M4,nan,Tiny,DSCNN,Latency in ms,97.646
0.7-2009,STMicroelectronics,Available,NUCLEO-L4R5ZI,,,X-CUBE-AI v7.1.0,Arm Cortex-M4,nan,Tiny,DSCNN,Energy in uJ,4635.68
0.7-2009,STMicroelectronics,Available,NUCLEO-L4R5ZI,,,X-CUBE-AI v7.1.0,Arm Cortex-M4,nan,Tiny,FC AutoEncoder,Latency in ms,9.665
0.7-2009,STMicroelectronics,Available,NUCLEO-L4R5ZI,,,X-CUBE-AI v7.1.0,Arm Cortex-M4,nan,Tiny,FC AutoEncoder,Energy in uJ,431.21
0.7-2009,STMicroelectronics,Available,NUCLEO-L4R5ZI,,,X-CUBE-AI v7.1.0,Arm Cortex-M4,nan,Tiny,MobileNetV1 (0.25x),Latency in ms,254.647
0.7-2009,STMicroelectronics,Available,NUCLEO-L4R5ZI,,,X-CUBE-AI v7.1.0,Arm Cortex-M4,nan,Tiny,MobileNetV1 (0.25x),Energy in uJ,12293.3
0.7-2009,STMicroelectronics,Available,NUCLEO-L4R5ZI,,,X-CUBE-AI v7.1.0,Arm Cortex-M4,nan,Tiny,ResNet-V1,Latency in ms,252.78
0.7-2009,STMicroelectronics,Available,NUCLEO-L4R5ZI,,,X-CUBE-AI v7.1.0,Arm Cortex-M4,nan,Tiny,ResNet-V1,Energy in uJ,12298.3
0.7-2010,STMicroelectronics,Available,NUCLEO-U575ZI-Q,,,X-CUBE-AI v7.1.0,Arm Cortex-M33,nan,Tiny,DSCNN,Latency in ms,54.812
0.7-2010,STMicroelectronics,Available,NUCLEO-U575ZI-Q,,,X-CUBE-AI v7.1.0,Arm Cortex-M33,nan,Tiny,DSCNN,Energy in uJ,1482.4
0.7-2010,STMicroelectronics,Available,NUCLEO-U575ZI-Q,,,X-CUBE-AI v7.1.0,Arm Cortex-M33,nan,Tiny,FC AutoEncoder,Latency in ms,5.728
0.7-2010,STMicroelectronics,Available,NUCLEO-U575ZI-Q,,,X-CUBE-AI v7.1.0,Arm Cortex-M33,nan,Tiny,FC AutoEncoder,Energy in uJ,152.56
0.7-2010,STMicroelectronics,Available,NUCLEO-U575ZI-Q,,,X-CUBE-AI v7.1.0,Arm Cortex-M33,nan,Tiny,MobileNetV1 (0.25x),Latency in ms,151.63
0.7-2010,STMicroelectronics,Available,NUCLEO-U575ZI-Q,,,X-CUBE-AI v7.1.0,Arm Cortex-M33,nan,Tiny,MobileNetV1 (0.25x),Energy in uJ,4030.97
0.7-2010,STMicroelectronics,Available,NUCLEO-U575ZI-Q,,,X-CUBE-AI v7.1.0,Arm Cortex-M33,nan,Tiny,ResNet-V1,Latency in ms,158.127
0.7-2010,STMicroelectronics,Available,NUCLEO-U575ZI-Q,,,X-CUBE-AI v7.1.0,Arm Cortex-M33,nan,Tiny,ResNet-V1,Energy in uJ,4151.13
0.7-2011,STMicroelectronics,Available,NUCLEO-H7A3ZI-Q,,,X-CUBE-AI v7.1.0,ARM Cortex-M7,nan,Tiny,DSCNN,Latency in ms,22.29
0.7-2011,STMicroelectronics,Available,NUCLEO-H7A3ZI-Q,,,X-CUBE-AI v7.1.0,ARM Cortex-M7,nan,Tiny,DSCNN,Energy in uJ,3713.19
0.7-2011,STMicroelectronics,Available,NUCLEO-H7A3ZI-Q,,,X-CUBE-AI v7.1.0,ARM Cortex-M7,nan,Tiny,FC AutoEncoder,Latency in ms,2.281
0.7-2011,STMicroelectronics,Available,NUCLEO-H7A3ZI-Q,,,X-CUBE-AI v7.1.0,ARM Cortex-M7,nan,Tiny,FC AutoEncoder,Energy in uJ,349.03
0.7-2011,STMicroelectronics,Available,NUCLEO-H7A3ZI-Q,,,X-CUBE-AI v7.1.0,ARM Cortex-M7,nan,Tiny,MobileNetV1 (0.25x),Latency in ms,64.37
0.7-2011,STMicroelectronics,Available,NUCLEO-H7A3ZI-Q,,,X-CUBE-AI v7.1.0,ARM Cortex-M7,nan,Tiny,MobileNetV1 (0.25x),Energy in uJ,10487.7
0.7-2011,STMicroelectronics,Available,NUCLEO-H7A3ZI-Q,,,X-CUBE-AI v7.1.0,ARM Cortex-M7,nan,Tiny,ResNet-V1,Latency in ms,70.363
0.7-2011,STMicroelectronics,Available,NUCLEO-H7A3ZI-Q,,,X-CUBE-AI v7.1.0,ARM Cortex-M7,nan,Tiny,ResNet-V1,Energy in uJ,11200.2
0.7-2012,Syntiant,Available,syntiant_9120_1v1_98mhz,,,Syntiant TDK,M0 + HiFi,Syntiant Core 2,Tiny,DSCNN,Latency in ms,1.8
0.7-2012,Syntiant,Available,syntiant_9120_1v1_98mhz,,,Syntiant TDK,M0 + HiFi,Syntiant Core 2,Tiny,DSCNN,Energy in uJ,49.587
0.7-2013,Syntiant,Available,syntiant_9120_0v9_30mhz,,,Syntiant TDK,M0 + HiFi,Syntiant Core 2,Tiny,DSCNN,Latency in ms,4.3
0.7-2013,Syntiant,Available,syntiant_9120_0v9_30mhz,,,Syntiant TDK,M0 + HiFi,Syntiant Core 2,Tiny,DSCNN,Energy in uJ,35.286
0.7-2014,Silicon Labs,Preview,xG24-DK2601B,,,TensorFlowLite for Microcontrollers; CMSIS-NN; Silicon Labs Gecko SDK,Cortex-M33(1),Silicon Labs MVP,Tiny,DSCNN,Latency in ms,63.09
0.7-2014,Silicon Labs,Preview,xG24-DK2601B,,,TensorFlowLite for Microcontrollers; CMSIS-NN; Silicon Labs Gecko SDK,Cortex-M33(1),Silicon Labs MVP,Tiny,DSCNN,Energy in uJ,611.493
0.7-2014,Silicon Labs,Preview,xG24-DK2601B,,,TensorFlowLite for Microcontrollers; CMSIS-NN; Silicon Labs Gecko SDK,Cortex-M33(1),Silicon Labs MVP,Tiny,FC AutoEncoder,Latency in ms,5.41
0.7-2014,Silicon Labs,Preview,xG24-DK2601B,,,TensorFlowLite for Microcontrollers; CMSIS-NN; Silicon Labs Gecko SDK,Cortex-M33(1),Silicon Labs MVP,Tiny,FC AutoEncoder,Energy in uJ,45.722
0.7-2014,Silicon Labs,Preview,xG24-DK2601B,,,TensorFlowLite for Microcontrollers; CMSIS-NN; Silicon Labs Gecko SDK,Cortex-M33(1),Silicon Labs MVP,Tiny,MobileNetV1 (0.25x),Latency in ms,186.19
0.7-2014,Silicon Labs,Preview,xG24-DK2601B,,,TensorFlowLite for Microcontrollers; CMSIS-NN; Silicon Labs Gecko SDK,Cortex-M33(1),Silicon Labs MVP,Tiny,MobileNetV1 (0.25x),Energy in uJ,1721.77
0.7-2014,Silicon Labs,Preview,xG24-DK2601B,,,TensorFlowLite for Microcontrollers; CMSIS-NN; Silicon Labs Gecko SDK,Cortex-M33(1),Silicon Labs MVP,Tiny,ResNet-V1,Latency in ms,239.98
0.7-2014,Silicon Labs,Preview,xG24-DK2601B,,,TensorFlowLite for Microcontrollers; CMSIS-NN; Silicon Labs Gecko SDK,Cortex-M33(1),Silicon Labs MVP,Tiny,ResNet-V1,Energy in uJ,2248.02
1.0-9001,Greenwaves Technologies,Available,GAP9,GAP9 EVK,,GreenWaves GAPFlow,RISC-V Core (1+9),NE20,Tiny,DSCNN,Latency in ms,0.475
1.0-9001,Greenwaves Technologies,Available,GAP9,GAP9 EVK,,GreenWaves GAPFlow,RISC-V Core (1+9),NE21,Tiny,DSCNN,Energy in uJ,26.659
1.0-9001,Greenwaves Technologies,Available,GAP9,GAP9 EVK,,GreenWaves GAPFlow,RISC-V Core (1+9),NE22,Tiny,FC AutoEncoder,Latency in ms,0.176
1.0-9001,Greenwaves Technologies,Available,GAP9,GAP9 EVK,,GreenWaves GAPFlow,RISC-V Core (1+9),NE23,Tiny,FC AutoEncoder,Energy in uJ,7.294
1.0-9001,Greenwaves Technologies,Available,GAP9,GAP9 EVK,,GreenWaves GAPFlow,RISC-V Core (1+9),NE16,Tiny,MobileNetV1 (0.25x),Latency in ms,1.125
1.0-9001,Greenwaves Technologies,Available,GAP9,GAP9 EVK,,GreenWaves GAPFlow,RISC-V Core (1+9),NE17,Tiny,MobileNetV1 (0.25x),Energy in uJ,58.356
1.0-9001,Greenwaves Technologies,Available,GAP9,GAP9 EVK,,GreenWaves GAPFlow,RISC-V Core (1+9),NE18,Tiny,ResNet-V1,Latency in ms,0.616
1.0-9001,Greenwaves Technologies,Available,GAP9,GAP9 EVK,,GreenWaves GAPFlow,RISC-V Core (1+9),NE19,Tiny,ResNet-V1,Energy in uJ,40.356
1.0-9002,Greenwaves Technologies,Available,GAP9,GAP9 EVK,,GreenWaves GAPFlow,RISC-V Core (1+9),NE28,Tiny,DSCNN,Latency in ms,0.732
1.0-9002,Greenwaves Technologies,Available,GAP9,GAP9 EVK,,GreenWaves GAPFlow,RISC-V Core (1+9),NE29,Tiny,DSCNN,Energy in uJ,18.561
1.0-9002,Greenwaves Technologies,Available,GAP9,GAP9 EVK,,GreenWaves GAPFlow,RISC-V Core (1+9),NE30,Tiny,FC AutoEncoder,Latency in ms,0.271
1.0-9002,Greenwaves Technologies,Available,GAP9,GAP9 EVK,,GreenWaves GAPFlow,RISC-V Core (1+9),NE31,Tiny,FC AutoEncoder,Energy in uJ,5.252
1.0-9002,Greenwaves Technologies,Available,GAP9,GAP9 EVK,,GreenWaves GAPFlow,RISC-V Core (1+9),NE24,Tiny,MobileNetV1 (0.25x),Latency in ms,1.733
1.0-9002,Greenwaves Technologies,Available,GAP9,GAP9 EVK,,GreenWaves GAPFlow,RISC-V Core (1+9),NE25,Tiny,MobileNetV1 (0.25x),Energy in uJ,40.801
1.0-9002,Greenwaves Technologies,Available,GAP9,GAP9 EVK,,GreenWaves GAPFlow,RISC-V Core (1+9),NE26,Tiny,ResNet-V1,Latency in ms,0.949
1.0-9002,Greenwaves Technologies,Available,GAP9,GAP9 EVK,,GreenWaves GAPFlow,RISC-V Core (1+9),NE27,Tiny,ResNet-V1,Energy in uJ,27.711
1.0-9003,OctoML,Available,nRF5340,NRF5340DK,,microTVM using CMSIS-NN backend,Arm Cortex-M33,nan,Tiny,DSCNN,Latency in ms,76.1
1.0-9003,OctoML,Available,nRF5340,NRF5340DK,,microTVM using CMSIS-NN backend,Arm Cortex-M33,nan,Tiny,FC AutoEncoder,Latency in ms,6.27
1.0-9003,OctoML,Available,nRF5340,NRF5340DK,,microTVM using CMSIS-NN backend,Arm Cortex-M33,nan,Tiny,MobileNetV1 (0.25x),Latency in ms,232
1.0-9003,OctoML,Available,nRF5340,NRF5340DK,,microTVM using CMSIS-NN backend,Arm Cortex-M33,nan,Tiny,ResNet-V1,Latency in ms,316.1
1.0-9004,OctoML,Available,STM32L4R5ZIT6U,NUCLEO-L4R5ZI,,microTVM using CMSIS-NN backend,Arm Cortex-M4,nan,Tiny,DSCNN,Latency in ms,99.8
1.0-9004,OctoML,Available,STM32L4R5ZIT6U,NUCLEO-L4R5ZI,,microTVM using CMSIS-NN backend,Arm Cortex-M4,nan,Tiny,DSCNN,Energy in uJ,5230.27
1.0-9004,OctoML,Available,STM32L4R5ZIT6U,NUCLEO-L4R5ZI,,microTVM using CMSIS-NN backend,Arm Cortex-M4,nan,Tiny,FC AutoEncoder,Latency in ms,8.6
1.0-9004,OctoML,Available,STM32L4R5ZIT6U,NUCLEO-L4R5ZI,,microTVM using CMSIS-NN backend,Arm Cortex-M4,nan,Tiny,FC AutoEncoder,Energy in uJ,443.184
1.0-9004,OctoML,Available,STM32L4R5ZIT6U,NUCLEO-L4R5ZI,,microTVM using CMSIS-NN backend,Arm Cortex-M4,nan,Tiny,MobileNetV1 (0.25x),Latency in ms,301.2
1.0-9004,OctoML,Available,STM32L4R5ZIT6U,NUCLEO-L4R5ZI,,microTVM using CMSIS-NN backend,Arm Cortex-M4,nan,Tiny,MobileNetV1 (0.25x),Energy in uJ,15531.4
1.0-9004,OctoML,Available,STM32L4R5ZIT6U,NUCLEO-L4R5ZI,,microTVM using CMSIS-NN backend,Arm Cortex-M4,nan,Tiny,ResNet-V1,Latency in ms,389.5
1.0-9004,OctoML,Available,STM32L4R5ZIT6U,NUCLEO-L4R5ZI,,microTVM using CMSIS-NN backend,Arm Cortex-M4,nan,Tiny,ResNet-V1,Energy in uJ,20236.3
1.0-9005,OctoML,Available,STM32L4R5ZIT6U,NUCLEO-L4R5ZI,,microTVM using native codegen,Arm Cortex-M4,nan,Tiny,DSCNN,Latency in ms,144
1.0-9005,OctoML,Available,STM32L4R5ZIT6U,NUCLEO-L4R5ZI,,microTVM using native codegen,Arm Cortex-M4,nan,Tiny,DSCNN,Energy in uJ,7950.51
1.0-9005,OctoML,Available,STM32L4R5ZIT6U,NUCLEO-L4R5ZI,,microTVM using native codegen,Arm Cortex-M4,nan,Tiny,FC AutoEncoder,Latency in ms,11.7
1.0-9005,OctoML,Available,STM32L4R5ZIT6U,NUCLEO-L4R5ZI,,microTVM using native codegen,Arm Cortex-M4,nan,Tiny,FC AutoEncoder,Energy in uJ,633.734
1.0-9005,OctoML,Available,STM32L4R5ZIT6U,NUCLEO-L4R5ZI,,microTVM using native codegen,Arm Cortex-M4,nan,Tiny,MobileNetV1 (0.25x),Latency in ms,336.5
1.0-9005,OctoML,Available,STM32L4R5ZIT6U,NUCLEO-L4R5ZI,,microTVM using native codegen,Arm Cortex-M4,nan,Tiny,MobileNetV1 (0.25x),Energy in uJ,17131.6
1.0-9005,OctoML,Available,STM32L4R5ZIT6U,NUCLEO-L4R5ZI,,microTVM using native codegen,Arm Cortex-M4,nan,Tiny,ResNet-V1,Latency in ms,389.2
1.0-9005,OctoML,Available,STM32L4R5ZIT6U,NUCLEO-L4R5ZI,,microTVM using native codegen,Arm Cortex-M4,nan,Tiny,ResNet-V1,Energy in uJ,21342.3
1.0-9006,Plumerai,Available,STM32U585,B_U585I_IOT02A,,Plumerai Inference Engine 2022.09,Arm Cortex-M33,nan,Tiny,DSCNN,Latency in ms,35.4
1.0-9006,Plumerai,Available,STM32U585,B_U585I_IOT02A,,Plumerai Inference Engine 2022.09,Arm Cortex-M33,nan,Tiny,FC AutoEncoder,Latency in ms,4.9
1.0-9006,Plumerai,Available,STM32U585,B_U585I_IOT02A,,Plumerai Inference Engine 2022.09,Arm Cortex-M33,nan,Tiny,MobileNetV1 (0.25x),Latency in ms,107
1.0-9006,Plumerai,Available,STM32U585,B_U585I_IOT02A,,Plumerai Inference Engine 2022.09,Arm Cortex-M33,nan,Tiny,ResNet-V1,Latency in ms,107.1
1.0-9007,Plumerai,Available,PSoC 62 MCU,CY8CPROTO-062-4343w,,Plumerai Inference Engine 2022.09,Arm Cortex-M4,nan,Tiny,DSCNN,Latency in ms,61.4
1.0-9007,Plumerai,Available,PSoC 62 MCU,CY8CPROTO-062-4343w,,Plumerai Inference Engine 2022.09,Arm Cortex-M4,nan,Tiny,FC AutoEncoder,Latency in ms,6.7
1.0-9007,Plumerai,Available,PSoC 62 MCU,CY8CPROTO-062-4343w,,Plumerai Inference Engine 2022.09,Arm Cortex-M4,nan,Tiny,MobileNetV1 (0.25x),Latency in ms,192.5
1.0-9007,Plumerai,Available,PSoC 62 MCU,CY8CPROTO-062-4343w,,Plumerai Inference Engine 2022.09,Arm Cortex-M4,nan,Tiny,ResNet-V1,Latency in ms,193.1
1.0-9008,Plumerai,Available,STM32F746,DISCO-F746NG,,Plumerai Inference Engine 2022.09,Arm Cortex-M7,nan,Tiny,DSCNN,Latency in ms,19.1
1.0-9008,Plumerai,Available,STM32F746,DISCO-F746NG,,Plumerai Inference Engine 2022.09,Arm Cortex-M7,nan,Tiny,FC AutoEncoder,Latency in ms,2.3
1.0-9008,Plumerai,Available,STM32F746,DISCO-F746NG,,Plumerai Inference Engine 2022.09,Arm Cortex-M7,nan,Tiny,MobileNetV1 (0.25x),Latency in ms,57
1.0-9008,Plumerai,Available,STM32F746,DISCO-F746NG,,Plumerai Inference Engine 2022.09,Arm Cortex-M7,nan,Tiny,ResNet-V1,Latency in ms,64.8
1.0-9009,Plumerai,Available,STM32L4R5ZIT6U,NUCLEO-L4R5ZI,,Plumerai Inference Engine 2022.09,Arm Cortex-M4,nan,Tiny,DSCNN,Latency in ms,71.7
1.0-9009,Plumerai,Available,STM32L4R5ZIT6U,NUCLEO-L4R5ZI,,Plumerai Inference Engine 2022.09,Arm Cortex-M4,nan,Tiny,FC AutoEncoder,Latency in ms,5.6
1.0-9009,Plumerai,Available,STM32L4R5ZIT6U,NUCLEO-L4R5ZI,,Plumerai Inference Engine 2022.09,Arm Cortex-M4,nan,Tiny,MobileNetV1 (0.25x),Latency in ms,208.6
1.0-9009,Plumerai,Available,STM32L4R5ZIT6U,NUCLEO-L4R5ZI,,Plumerai Inference Engine 2022.09,Arm Cortex-M4,nan,Tiny,ResNet-V1,Latency in ms,173.2
1.0-9010,Silicon Labs,Available,EFR32MG24,xG24-DK2601B,,TensorFlowLite for Microcontrollers; CMSIS-NN; Silicon Labs Gecko SDK,Arm Cortex-M33,Silicon Labs MVP(1) (78 MHz; 1.8V),Tiny,DSCNN,Latency in ms,36.28
1.0-9010,Silicon Labs,Available,EFR32MG24,xG24-DK2601B,,TensorFlowLite for Microcontrollers; CMSIS-NN; Silicon Labs Gecko SDK,Arm Cortex-M33,Silicon Labs MVP(1) (78 MHz; 1.8V),Tiny,DSCNN,Energy in uJ,401.861
1.0-9010,Silicon Labs,Available,EFR32MG24,xG24-DK2601B,,TensorFlowLite for Microcontrollers; CMSIS-NN; Silicon Labs Gecko SDK,Arm Cortex-M33,Silicon Labs MVP(1) (78 MHz; 1.8V),Tiny,FC AutoEncoder,Latency in ms,5.43
1.0-9010,Silicon Labs,Available,EFR32MG24,xG24-DK2601B,,TensorFlowLite for Microcontrollers; CMSIS-NN; Silicon Labs Gecko SDK,Arm Cortex-M33,Silicon Labs MVP(1) (78 MHz; 1.8V),Tiny,FC AutoEncoder,Energy in uJ,47.299
1.0-9010,Silicon Labs,Available,EFR32MG24,xG24-DK2601B,,TensorFlowLite for Microcontrollers; CMSIS-NN; Silicon Labs Gecko SDK,Arm Cortex-M33,Silicon Labs MVP(1) (78 MHz; 1.8V),Tiny,MobileNetV1 (0.25x),Latency in ms,111.61
1.0-9010,Silicon Labs,Available,EFR32MG24,xG24-DK2601B,,TensorFlowLite for Microcontrollers; CMSIS-NN; Silicon Labs Gecko SDK,Arm Cortex-M33,Silicon Labs MVP(1) (78 MHz; 1.8V),Tiny,MobileNetV1 (0.25x),Energy in uJ,1139.22
1.0-9010,Silicon Labs,Available,EFR32MG24,xG24-DK2601B,,TensorFlowLite for Microcontrollers; CMSIS-NN; Silicon Labs Gecko SDK,Arm Cortex-M33,Silicon Labs MVP(1) (78 MHz; 1.8V),Tiny,ResNet-V1,Latency in ms,120.93
1.0-9010,Silicon Labs,Available,EFR32MG24,xG24-DK2601B,,TensorFlowLite for Microcontrollers; CMSIS-NN; Silicon Labs Gecko SDK,Arm Cortex-M33,Silicon Labs MVP(1) (78 MHz; 1.8V),Tiny,ResNet-V1,Energy in uJ,1234.65
1.0-9011,STMicroelectronics,Available,STM32H7A3ZIT6Q,NUCLEO-H7A3ZI-Q,,X-CUBE-AI v7.3.0,Arm Cortex-M7,nan,Tiny,DSCNN,Latency in ms,16.76
1.0-9011,STMicroelectronics,Available,STM32H7A3ZIT6Q,NUCLEO-H7A3ZI-Q,,X-CUBE-AI v7.3.0,Arm Cortex-M7,nan,Tiny,DSCNN,Energy in uJ,2721.78
1.0-9011,STMicroelectronics,Available,STM32H7A3ZIT6Q,NUCLEO-H7A3ZI-Q,,X-CUBE-AI v7.3.0,Arm Cortex-M7,nan,Tiny,FC AutoEncoder,Latency in ms,1.82
1.0-9011,STMicroelectronics,Available,STM32H7A3ZIT6Q,NUCLEO-H7A3ZI-Q,,X-CUBE-AI v7.3.0,Arm Cortex-M7,nan,Tiny,FC AutoEncoder,Energy in uJ,266.486
1.0-9011,STMicroelectronics,Available,STM32H7A3ZIT6Q,NUCLEO-H7A3ZI-Q,,X-CUBE-AI v7.3.0,Arm Cortex-M7,nan,Tiny,MobileNetV1 (0.25x),Latency in ms,50.7
1.0-9011,STMicroelectronics,Available,STM32H7A3ZIT6Q,NUCLEO-H7A3ZI-Q,,X-CUBE-AI v7.3.0,Arm Cortex-M7,nan,Tiny,MobileNetV1 (0.25x),Energy in uJ,7978.47
1.0-9011,STMicroelectronics,Available,STM32H7A3ZIT6Q,NUCLEO-H7A3ZI-Q,,X-CUBE-AI v7.3.0,Arm Cortex-M7,nan,Tiny,ResNet-V1,Latency in ms,54.34
1.0-9011,STMicroelectronics,Available,STM32H7A3ZIT6Q,NUCLEO-H7A3ZI-Q,,X-CUBE-AI v7.3.0,Arm Cortex-M7,nan,Tiny,ResNet-V1,Energy in uJ,8707.28
1.0-9012,STMicroelectronics,Available,STM32L4R5ZIT6U,NUCLEO-L4R5ZI,,X-CUBE-AI v7.3.0,Arm Cortex-M4,nan,Tiny,DSCNN,Latency in ms,75.05
1.0-9012,STMicroelectronics,Available,STM32L4R5ZIT6U,NUCLEO-L4R5ZI,,X-CUBE-AI v7.3.0,Arm Cortex-M4,nan,Tiny,DSCNN,Energy in uJ,3371.74
1.0-9012,STMicroelectronics,Available,STM32L4R5ZIT6U,NUCLEO-L4R5ZI,,X-CUBE-AI v7.3.0,Arm Cortex-M4,nan,Tiny,FC AutoEncoder,Latency in ms,7.57
1.0-9012,STMicroelectronics,Available,STM32L4R5ZIT6U,NUCLEO-L4R5ZI,,X-CUBE-AI v7.3.0,Arm Cortex-M4,nan,Tiny,FC AutoEncoder,Energy in uJ,322.977
1.0-9012,STMicroelectronics,Available,STM32L4R5ZIT6U,NUCLEO-L4R5ZI,,X-CUBE-AI v7.3.0,Arm Cortex-M4,nan,Tiny,MobileNetV1 (0.25x),Latency in ms,230.48
1.0-9012,STMicroelectronics,Available,STM32L4R5ZIT6U,NUCLEO-L4R5ZI,,X-CUBE-AI v7.3.0,Arm Cortex-M4,nan,Tiny,MobileNetV1 (0.25x),Energy in uJ,10066.6
1.0-9012,STMicroelectronics,Available,STM32L4R5ZIT6U,NUCLEO-L4R5ZI,,X-CUBE-AI v7.3.0,Arm Cortex-M4,nan,Tiny,ResNet-V1,Latency in ms,226.9
1.0-9012,STMicroelectronics,Available,STM32L4R5ZIT6U,NUCLEO-L4R5ZI,,X-CUBE-AI v7.3.0,Arm Cortex-M4,nan,Tiny,ResNet-V1,Energy in uJ,10681.6
1.0-9013,STMicroelectronics,Available,STM32U575ZIT6Q,NUCLEO-U575ZI-Q,,X-CUBE-AI v7.3.0,Arm Cortex-M33,nan,Tiny,DSCNN,Latency in ms,44.23
1.0-9013,STMicroelectronics,Available,STM32U575ZIT6Q,NUCLEO-U575ZI-Q,,X-CUBE-AI v7.3.0,Arm Cortex-M33,nan,Tiny,DSCNN,Energy in uJ,1138.53
1.0-9013,STMicroelectronics,Available,STM32U575ZIT6Q,NUCLEO-U575ZI-Q,,X-CUBE-AI v7.3.0,Arm Cortex-M33,nan,Tiny,FC AutoEncoder,Latency in ms,4.84
1.0-9013,STMicroelectronics,Available,STM32U575ZIT6Q,NUCLEO-U575ZI-Q,,X-CUBE-AI v7.3.0,Arm Cortex-M33,nan,Tiny,FC AutoEncoder,Energy in uJ,119.113
1.0-9013,STMicroelectronics,Available,STM32U575ZIT6Q,NUCLEO-U575ZI-Q,,X-CUBE-AI v7.3.0,Arm Cortex-M33,nan,Tiny,MobileNetV1 (0.25x),Latency in ms,133.41
1.0-9013,STMicroelectronics,Available,STM32U575ZIT6Q,NUCLEO-U575ZI-Q,,X-CUBE-AI v7.3.0,Arm Cortex-M33,nan,Tiny,MobileNetV1 (0.25x),Energy in uJ,3364.46
1.0-9013,STMicroelectronics,Available,STM32U575ZIT6Q,NUCLEO-U575ZI-Q,,X-CUBE-AI v7.3.0,Arm Cortex-M33,nan,Tiny,ResNet-V1,Latency in ms,139.7
1.0-9013,STMicroelectronics,Available,STM32U575ZIT6Q,NUCLEO-U575ZI-Q,,X-CUBE-AI v7.3.0,Arm Cortex-M33,nan,Tiny,ResNet-V1,Energy in uJ,3642
1.0-9014,Syntiant,Available,NDP120,NDP9120-EVL,,Syntiant TDK,M0 + HiFi,Syntiant Core 2 (98MHz; 1.1V),Tiny,DSCNN,Latency in ms,1.48
1.0-9014,Syntiant,Available,NDP120,NDP9120-EVL,,Syntiant TDK,M0 + HiFi,Syntiant Core 2 (98MHz; 1.1V),Tiny,DSCNN,Energy in uJ,43.8
1.0-9014,Syntiant,Available,NDP120,NDP9120-EVL,,Syntiant TDK,M0 + HiFi,Syntiant Core 2 (98MHz; 1.1V),Tiny,MobileNetV1 (0.25x),Latency in ms,4.1
1.0-9014,Syntiant,Available,NDP120,NDP9120-EVL,,Syntiant TDK,M0 + HiFi,Syntiant Core 2 (98MHz; 1.1V),Tiny,MobileNetV1 (0.25x),Energy in uJ,97.16
1.0-9014,Syntiant,Available,NDP120,NDP9120-EVL,,Syntiant TDK,M0 + HiFi,Syntiant Core 2 (98MHz; 1.1V),Tiny,ResNet-V1,Latency in ms,5.12
1.0-9014,Syntiant,Available,NDP120,NDP9120-EVL,,Syntiant TDK,M0 + HiFi,Syntiant Core 2 (98MHz; 1.1V),Tiny,ResNet-V1,Energy in uJ,139.37
1.0-9015,Syntiant,Available,NDP120,NDP9120-EVL,,Syntiant TDK,M0 + HiFi,Syntiant Core 2 (30MHz; 0.9V),Tiny,DSCNN,Latency in ms,4.37
1.0-9015,Syntiant,Available,NDP120,NDP9120-EVL,,Syntiant TDK,M0 + HiFi,Syntiant Core 2 (30MHz; 0.9V),Tiny,DSCNN,Energy in uJ,31.54
1.0-9015,Syntiant,Available,NDP120,NDP9120-EVL,,Syntiant TDK,M0 + HiFi,Syntiant Core 2 (30MHz; 0.9V),Tiny,MobileNetV1 (0.25x),Latency in ms,12.7
1.0-9015,Syntiant,Available,NDP120,NDP9120-EVL,,Syntiant TDK,M0 + HiFi,Syntiant Core 2 (30MHz; 0.9V),Tiny,MobileNetV1 (0.25x),Energy in uJ,71.71
1.0-9015,Syntiant,Available,NDP120,NDP9120-EVL,,Syntiant TDK,M0 + HiFi,Syntiant Core 2 (30MHz; 0.9V),Tiny,ResNet-V1,Latency in ms,15.97
1.0-9015,Syntiant,Available,NDP120,NDP9120-EVL,,Syntiant TDK,M0 + HiFi,Syntiant Core 2 (30MHz; 0.9V),Tiny,ResNet-V1,Energy in uJ,101.83
1.0-9016,Qualcomm,Preview,Next Generation Snapdragon Mobile Platform,Next Generation Snapdragon Mobile Platform HDK,,Qualcomm AI Stack,Qualcomm Kryo CPU(1),Qualcomm Sensing Hub(1),Tiny,FC AutoEncoder,Latency in ms,0.098
1.0-9017,hls4ml,Available,Zynq-7020,Pynq-Z2,,hls4ml,Dual Core ARM; Cortex-A9 MPCore,Zynq XC7Z020,Tiny,Conv2D,Model Used,
1.0-9017,hls4ml,Available,Zynq-7020,Pynq-Z2,,hls4ml,Dual Core ARM; Cortex-A9 MPCore,Zynq XC7Z020,Tiny,Conv2D,Latency in ms,7.64
1.0-9017,hls4ml,Available,Zynq-7020,Pynq-Z2,,hls4ml,Dual Core ARM; Cortex-A9 MPCore,Zynq XC7Z020,Tiny,Conv2D,Energy in uJ,12266
1.0-9017,hls4ml,Available,Zynq-7020,Pynq-Z2,,hls4ml,Dual Core ARM; Cortex-A9 MPCore,Zynq XC7Z020,Tiny,Conv2D,Accuracy,0.835
1.1-0001,Krai,Available,NUCLEO-H7A3ZI-Q-X-CUBE-AI-7.3,NUCLEO-H7A3ZI-Q,280 MHz,X-CUBE-AI v7.3.0,32-bit Arm Cortex-M7,nan,Tiny,DSCNN,Latency in ms,16.7258
1.1-0001,Krai,Available,NUCLEO-H7A3ZI-Q-X-CUBE-AI-7.3,NUCLEO-H7A3ZI-Q,280 MHz,X-CUBE-AI v7.3.0,32-bit Arm Cortex-M7,nan,Tiny,DSCNN,Energy in uJ,2367.47
1.1-0001,Krai,Available,NUCLEO-H7A3ZI-Q-X-CUBE-AI-7.3,NUCLEO-H7A3ZI-Q,280 MHz,X-CUBE-AI v7.3.0,32-bit Arm Cortex-M7,nan,Tiny,FC AutoEncoder,Latency in ms,1.82815
1.1-0001,Krai,Available,NUCLEO-H7A3ZI-Q-X-CUBE-AI-7.3,NUCLEO-H7A3ZI-Q,280 MHz,X-CUBE-AI v7.3.0,32-bit Arm Cortex-M7,nan,Tiny,MobileNetV1 (0.25x),Latency in ms,50.4083
1.1-0001,Krai,Available,NUCLEO-H7A3ZI-Q-X-CUBE-AI-7.3,NUCLEO-H7A3ZI-Q,280 MHz,X-CUBE-AI v7.3.0,32-bit Arm Cortex-M7,nan,Tiny,MobileNetV1 (0.25x),Energy in uJ,7810.7
1.1-0001,Krai,Available,NUCLEO-H7A3ZI-Q-X-CUBE-AI-7.3,NUCLEO-H7A3ZI-Q,280 MHz,X-CUBE-AI v7.3.0,32-bit Arm Cortex-M7,nan,Tiny,ResNet-V1,Latency in ms,53.8387
1.1-0001,Krai,Available,NUCLEO-H7A3ZI-Q-X-CUBE-AI-7.3,NUCLEO-H7A3ZI-Q,280 MHz,X-CUBE-AI v7.3.0,32-bit Arm Cortex-M7,nan,Tiny,ResNet-V1,Energy in uJ,8471.1
1.1-0001,Krai,Available,NUCLEO-H7A3ZI-Q-X-CUBE-AI-8.0,NUCLEO-H7A3ZI-Q,280 MHz,X-CUBE-AI v7.3.0,32-bit Arm Cortex-M7,nan,Tiny,DSCNN,Latency in ms,16.3967
1.1-0001,Krai,Available,NUCLEO-H7A3ZI-Q-X-CUBE-AI-8.0,NUCLEO-H7A3ZI-Q,280 MHz,X-CUBE-AI v7.3.0,32-bit Arm Cortex-M7,nan,Tiny,DSCNN,Energy in uJ,2362.1
1.1-0001,Krai,Available,NUCLEO-H7A3ZI-Q-X-CUBE-AI-8.0,NUCLEO-H7A3ZI-Q,280 MHz,X-CUBE-AI v7.3.0,32-bit Arm Cortex-M7,nan,Tiny,FC AutoEncoder,Latency in ms,1.82737
1.1-0001,Krai,Available,NUCLEO-H7A3ZI-Q-X-CUBE-AI-8.0,NUCLEO-H7A3ZI-Q,280 MHz,X-CUBE-AI v7.3.0,32-bit Arm Cortex-M7,nan,Tiny,FC AutoEncoder,Energy in uJ,235.833
1.1-0001,Krai,Available,NUCLEO-H7A3ZI-Q-X-CUBE-AI-8.0,NUCLEO-H7A3ZI-Q,280 MHz,X-CUBE-AI v7.3.0,32-bit Arm Cortex-M7,nan,Tiny,MobileNetV1 (0.25x),Latency in ms,50.3347
1.1-0001,Krai,Available,NUCLEO-H7A3ZI-Q-X-CUBE-AI-8.0,NUCLEO-H7A3ZI-Q,280 MHz,X-CUBE-AI v7.3.0,32-bit Arm Cortex-M7,nan,Tiny,MobileNetV1 (0.25x),Energy in uJ,6928.31
1.1-0001,Krai,Available,NUCLEO-H7A3ZI-Q-X-CUBE-AI-8.0,NUCLEO-H7A3ZI-Q,280 MHz,X-CUBE-AI v7.3.0,32-bit Arm Cortex-M7,nan,Tiny,ResNet-V1,Latency in ms,54.8998
1.1-0001,Krai,Available,NUCLEO-H7A3ZI-Q-X-CUBE-AI-8.0,NUCLEO-H7A3ZI-Q,280 MHz,X-CUBE-AI v7.3.0,32-bit Arm Cortex-M7,nan,Tiny,ResNet-V1,Energy in uJ,7615.35
1.1-0002,Krai,Available,NUCLEO-L4R5ZI-MICROTVM-CMSIS-NN,NUCLEO-L4R5ZI,120 MHz,microTVM,32-bit Arm Cortex-M4 (DSP + FPU),nan,Tiny,DSCNN,Latency in ms,99.8104
1.1-0002,Krai,Available,NUCLEO-L4R5ZI-MICROTVM-CMSIS-NN,NUCLEO-L4R5ZI,120 MHz,microTVM,32-bit Arm Cortex-M4 (DSP + FPU),nan,Tiny,FC AutoEncoder,Latency in ms,8.60496
1.1-0002,Krai,Available,NUCLEO-L4R5ZI-MICROTVM-CMSIS-NN,NUCLEO-L4R5ZI,120 MHz,microTVM,32-bit Arm Cortex-M4 (DSP + FPU),nan,Tiny,MobileNetV1 (0.25x),Latency in ms,300.842
1.1-0002,Krai,Available,NUCLEO-L4R5ZI-MICROTVM-CMSIS-NN,NUCLEO-L4R5ZI,120 MHz,microTVM,32-bit Arm Cortex-M4 (DSP + FPU),nan,Tiny,ResNet-V1,Latency in ms,389.56
1.1-0002,Krai,Available,NUCLEO-L4R5ZI-MICROTVM-NATIVE,NUCLEO-L4R5ZI,120 MHz,microTVM,32-bit Arm Cortex-M4 (DSP + FPU),nan,Tiny,DSCNN,Latency in ms,144.03
1.1-0002,Krai,Available,NUCLEO-L4R5ZI-MICROTVM-NATIVE,NUCLEO-L4R5ZI,120 MHz,microTVM,32-bit Arm Cortex-M4 (DSP + FPU),nan,Tiny,FC AutoEncoder,Latency in ms,11.718
1.1-0002,Krai,Available,NUCLEO-L4R5ZI-MICROTVM-NATIVE,NUCLEO-L4R5ZI,120 MHz,microTVM,32-bit Arm Cortex-M4 (DSP + FPU),nan,Tiny,MobileNetV1 (0.25x),Latency in ms,338.868
1.1-0002,Krai,Available,NUCLEO-L4R5ZI-MICROTVM-NATIVE,NUCLEO-L4R5ZI,120 MHz,microTVM,32-bit Arm Cortex-M4 (DSP + FPU),nan,Tiny,ResNet-V1,Latency in ms,389.105
1.1-0002,Krai,Available,NUCLEO-L4R5ZI-X-CUBE-AI-7.3,NUCLEO-L4R5ZI,120 MHz,,32-bit Arm Cortex-M4 (DSP + FPU),nan,Tiny,DSCNN,Latency in ms,74.7328
1.1-0002,Krai,Available,NUCLEO-L4R5ZI-X-CUBE-AI-7.3,NUCLEO-L4R5ZI,120 MHz,,32-bit Arm Cortex-M4 (DSP + FPU),nan,Tiny,DSCNN,Energy in uJ,5627.48
1.1-0002,Krai,Available,NUCLEO-L4R5ZI-X-CUBE-AI-7.3,NUCLEO-L4R5ZI,120 MHz,,32-bit Arm Cortex-M4 (DSP + FPU),nan,Tiny,FC AutoEncoder,Latency in ms,7.57869
1.1-0002,Krai,Available,NUCLEO-L4R5ZI-X-CUBE-AI-7.3,NUCLEO-L4R5ZI,120 MHz,,32-bit Arm Cortex-M4 (DSP + FPU),nan,Tiny,FC AutoEncoder,Energy in uJ,529.299
1.1-0002,Krai,Available,NUCLEO-L4R5ZI-X-CUBE-AI-7.3,NUCLEO-L4R5ZI,120 MHz,,32-bit Arm Cortex-M4 (DSP + FPU),nan,Tiny,MobileNetV1 (0.25x),Latency in ms,224.921
1.1-0002,Krai,Available,NUCLEO-L4R5ZI-X-CUBE-AI-7.3,NUCLEO-L4R5ZI,120 MHz,,32-bit Arm Cortex-M4 (DSP + FPU),nan,Tiny,MobileNetV1 (0.25x),Energy in uJ,16536.3
1.1-0002,Krai,Available,NUCLEO-L4R5ZI-X-CUBE-AI-7.3,NUCLEO-L4R5ZI,120 MHz,,32-bit Arm Cortex-M4 (DSP + FPU),nan,Tiny,ResNet-V1,Latency in ms,226.912
1.1-0002,Krai,Available,NUCLEO-L4R5ZI-X-CUBE-AI-7.3,NUCLEO-L4R5ZI,120 MHz,,32-bit Arm Cortex-M4 (DSP + FPU),nan,Tiny,ResNet-V1,Energy in uJ,17755.4
1.1-0002,Krai,Available,NUCLEO-L4R5ZI-X-CUBE-AI-8.0,NUCLEO-L4R5ZI,120 MHz,,32-bit Arm Cortex-M4 (DSP + FPU),nan,Tiny,DSCNN,Latency in ms,72.6797
1.1-0002,Krai,Available,NUCLEO-L4R5ZI-X-CUBE-AI-8.0,NUCLEO-L4R5ZI,120 MHz,,32-bit Arm Cortex-M4 (DSP + FPU),nan,Tiny,DSCNN,Energy in uJ,5481.63
1.1-0002,Krai,Available,NUCLEO-L4R5ZI-X-CUBE-AI-8.0,NUCLEO-L4R5ZI,120 MHz,,32-bit Arm Cortex-M4 (DSP + FPU),nan,Tiny,FC AutoEncoder,Latency in ms,7.57863
1.1-0002,Krai,Available,NUCLEO-L4R5ZI-X-CUBE-AI-8.0,NUCLEO-L4R5ZI,120 MHz,,32-bit Arm Cortex-M4 (DSP + FPU),nan,Tiny,FC AutoEncoder,Energy in uJ,528.881
1.1-0002,Krai,Available,NUCLEO-L4R5ZI-X-CUBE-AI-8.0,NUCLEO-L4R5ZI,120 MHz,,32-bit Arm Cortex-M4 (DSP + FPU),nan,Tiny,MobileNetV1 (0.25x),Latency in ms,221.141
1.1-0002,Krai,Available,NUCLEO-L4R5ZI-X-CUBE-AI-8.0,NUCLEO-L4R5ZI,120 MHz,,32-bit Arm Cortex-M4 (DSP + FPU),nan,Tiny,MobileNetV1 (0.25x),Energy in uJ,16573.1
1.1-0002,Krai,Available,NUCLEO-L4R5ZI-X-CUBE-AI-8.0,NUCLEO-L4R5ZI,120 MHz,,32-bit Arm Cortex-M4 (DSP + FPU),nan,Tiny,ResNet-V1,Latency in ms,221.976
1.1-0002,Krai,Available,NUCLEO-L4R5ZI-X-CUBE-AI-8.0,NUCLEO-L4R5ZI,120 MHz,,32-bit Arm Cortex-M4 (DSP + FPU),nan,Tiny,ResNet-V1,Energy in uJ,17315.1
1.1-0003,Krai,Available,NRF5340-DK-MICROTVM-CMSIS-NN,nRF5340 DK,128 MHz,microTVM,32-bit Arm Cortex-M33 (DSP + FPU),nan,Tiny,DSCNN,Latency in ms,76.4877
1.1-0003,Krai,Available,NRF5340-DK-MICROTVM-CMSIS-NN,nRF5340 DK,128 MHz,microTVM,32-bit Arm Cortex-M33 (DSP + FPU),nan,Tiny,FC AutoEncoder,Latency in ms,6.28852
1.1-0003,Krai,Available,NRF5340-DK-MICROTVM-CMSIS-NN,nRF5340 DK,128 MHz,microTVM,32-bit Arm Cortex-M33 (DSP + FPU),nan,Tiny,MobileNetV1 (0.25x),Latency in ms,233.318
1.1-0003,Krai,Available,NRF5340-DK-MICROTVM-CMSIS-NN,nRF5340 DK,128 MHz,microTVM,32-bit Arm Cortex-M33 (DSP + FPU),nan,Tiny,ResNet-V1,Latency in ms,317.864
1.1-0004,Nuvoton,Available,NUMAKER-M467HJ-zephyr,NUMAKER-M467HJ,200 MHz,ONNC,Arm Cortex-M4F,nan,Tiny,DSCNN,Latency in ms,46.1851
1.1-0004,Nuvoton,Available,NUMAKER-M467HJ-zephyr,NUMAKER-M467HJ,200 MHz,ONNC,Arm Cortex-M4F,nan,Tiny,FC AutoEncoder,Latency in ms,4.88675
1.1-0004,Nuvoton,Available,NUMAKER-M467HJ-zephyr,NUMAKER-M467HJ,200 MHz,ONNC,Arm Cortex-M4F,nan,Tiny,MobileNetV1 (0.25x),Latency in ms,98.7264
1.1-0004,Nuvoton,Available,NUMAKER-M467HJ-zephyr,NUMAKER-M467HJ,200 MHz,ONNC,Arm Cortex-M4F,nan,Tiny,ResNet-V1,Latency in ms,171.438
1.1-0005,STMicroelectronics,Available,NUCLEO-H7A3ZI-Q,NUCLEO-H7A3ZI-Q,280 MHz,X-CUBE-AI v8.1.0,32-bit Arm Cortex-M7 (DSP + FPU),nan,Tiny,DSCNN,Latency in ms,15.3532
1.1-0005,STMicroelectronics,Available,NUCLEO-H7A3ZI-Q,NUCLEO-H7A3ZI-Q,280 MHz,X-CUBE-AI v8.1.0,32-bit Arm Cortex-M7 (DSP + FPU),nan,Tiny,DSCNN,Energy in uJ,1869.38
1.1-0005,STMicroelectronics,Available,NUCLEO-H7A3ZI-Q,NUCLEO-H7A3ZI-Q,280 MHz,X-CUBE-AI v8.1.0,32-bit Arm Cortex-M7 (DSP + FPU),nan,Tiny,FC AutoEncoder,Latency in ms,1.81827
1.1-0005,STMicroelectronics,Available,NUCLEO-H7A3ZI-Q,NUCLEO-H7A3ZI-Q,280 MHz,X-CUBE-AI v8.1.0,32-bit Arm Cortex-M7 (DSP + FPU),nan,Tiny,FC AutoEncoder,Energy in uJ,221.217
1.1-0005,STMicroelectronics,Available,NUCLEO-H7A3ZI-Q,NUCLEO-H7A3ZI-Q,280 MHz,X-CUBE-AI v8.1.0,32-bit Arm Cortex-M7 (DSP + FPU),nan,Tiny,MobileNetV1 (0.25x),Latency in ms,29.6288
1.1-0005,STMicroelectronics,Available,NUCLEO-H7A3ZI-Q,NUCLEO-H7A3ZI-Q,280 MHz,X-CUBE-AI v8.1.0,32-bit Arm Cortex-M7 (DSP + FPU),nan,Tiny,MobileNetV1 (0.25x),Energy in uJ,3699.35
1.1-0005,STMicroelectronics,Available,NUCLEO-H7A3ZI-Q,NUCLEO-H7A3ZI-Q,280 MHz,X-CUBE-AI v8.1.0,32-bit Arm Cortex-M7 (DSP + FPU),nan,Tiny,ResNet-V1,Latency in ms,51.9481
1.1-0005,STMicroelectronics,Available,NUCLEO-H7A3ZI-Q,NUCLEO-H7A3ZI-Q,280 MHz,X-CUBE-AI v8.1.0,32-bit Arm Cortex-M7 (DSP + FPU),nan,Tiny,ResNet-V1,Energy in uJ,6310.69
1.1-0006,STMicroelectronics,Available,NUCLEO-L4R5ZI,NUCLEO-L4R5ZI,120 MHz,X-CUBE-AI v8.1.0,32-bit Arm Cortex-M4 (DSP + FPU),nan,Tiny,DSCNN,Latency in ms,62.8733
1.1-0006,STMicroelectronics,Available,NUCLEO-L4R5ZI,NUCLEO-L4R5ZI,120 MHz,X-CUBE-AI v8.1.0,32-bit Arm Cortex-M4 (DSP + FPU),nan,Tiny,DSCNN,Energy in uJ,2833.14
1.1-0006,STMicroelectronics,Available,NUCLEO-L4R5ZI,NUCLEO-L4R5ZI,120 MHz,X-CUBE-AI v8.1.0,32-bit Arm Cortex-M4 (DSP + FPU),nan,Tiny,FC AutoEncoder,Latency in ms,6.85735
1.1-0006,STMicroelectronics,Available,NUCLEO-L4R5ZI,NUCLEO-L4R5ZI,120 MHz,X-CUBE-AI v8.1.0,32-bit Arm Cortex-M4 (DSP + FPU),nan,Tiny,FC AutoEncoder,Energy in uJ,293.912
1.1-0006,STMicroelectronics,Available,NUCLEO-L4R5ZI,NUCLEO-L4R5ZI,120 MHz,X-CUBE-AI v8.1.0,32-bit Arm Cortex-M4 (DSP + FPU),nan,Tiny,MobileNetV1 (0.25x),Latency in ms,118.694
1.1-0006,STMicroelectronics,Available,NUCLEO-L4R5ZI,NUCLEO-L4R5ZI,120 MHz,X-CUBE-AI v8.1.0,32-bit Arm Cortex-M4 (DSP + FPU),nan,Tiny,MobileNetV1 (0.25x),Energy in uJ,5618.28
1.1-0006,STMicroelectronics,Available,NUCLEO-L4R5ZI,NUCLEO-L4R5ZI,120 MHz,X-CUBE-AI v8.1.0,32-bit Arm Cortex-M4 (DSP + FPU),nan,Tiny,ResNet-V1,Latency in ms,213.995
1.1-0006,STMicroelectronics,Available,NUCLEO-L4R5ZI,NUCLEO-L4R5ZI,120 MHz,X-CUBE-AI v8.1.0,32-bit Arm Cortex-M4 (DSP + FPU),nan,Tiny,ResNet-V1,Energy in uJ,7019.09
1.1-0007,STMicroelectronics,Available,NUCLEO-U575ZI-Q,NUCLEO-U575ZI-Q,160 MHz,X-CUBE-AI v8.1.0,32-bit Arm Cortex-M33 (DSP + FPU),nan,Tiny,DSCNN,Latency in ms,38.5802
1.1-0007,STMicroelectronics,Available,NUCLEO-U575ZI-Q,NUCLEO-U575ZI-Q,160 MHz,X-CUBE-AI v8.1.0,32-bit Arm Cortex-M33 (DSP + FPU),nan,Tiny,DSCNN,Energy in uJ,1004.22
1.1-0007,STMicroelectronics,Available,NUCLEO-U575ZI-Q,NUCLEO-U575ZI-Q,160 MHz,X-CUBE-AI v8.1.0,32-bit Arm Cortex-M33 (DSP + FPU),nan,Tiny,FC AutoEncoder,Latency in ms,4.84987
1.1-0007,STMicroelectronics,Available,NUCLEO-U575ZI-Q,NUCLEO-U575ZI-Q,160 MHz,X-CUBE-AI v8.1.0,32-bit Arm Cortex-M33 (DSP + FPU),nan,Tiny,FC AutoEncoder,Energy in uJ,121.446
1.1-0007,STMicroelectronics,Available,NUCLEO-U575ZI-Q,NUCLEO-U575ZI-Q,160 MHz,X-CUBE-AI v8.1.0,32-bit Arm Cortex-M33 (DSP + FPU),nan,Tiny,MobileNetV1 (0.25x),Latency in ms,71.5615
1.1-0007,STMicroelectronics,Available,NUCLEO-U575ZI-Q,NUCLEO-U575ZI-Q,160 MHz,X-CUBE-AI v8.1.0,32-bit Arm Cortex-M33 (DSP + FPU),nan,Tiny,MobileNetV1 (0.25x),Energy in uJ,1920.64
1.1-0007,STMicroelectronics,Available,NUCLEO-U575ZI-Q,NUCLEO-U575ZI-Q,160 MHz,X-CUBE-AI v8.1.0,32-bit Arm Cortex-M33 (DSP + FPU),nan,Tiny,ResNet-V1,Latency in ms,128.205
1.1-0007,STMicroelectronics,Available,NUCLEO-U575ZI-Q,NUCLEO-U575ZI-Q,160 MHz,X-CUBE-AI v8.1.0,32-bit Arm Cortex-M33 (DSP + FPU),nan,Tiny,ResNet-V1,Energy in uJ,3383.82
1.1-0008,Skymizer,Available,NUCLEO-L4R5ZI-mbed-os,NUCLEO-L4R5ZI,120 MHz,ONNC,32-bit Arm Cortex-M4 (DSP + FPU),nan,Tiny,DSCNN,Latency in ms,82.0008
1.1-0008,Skymizer,Available,NUCLEO-L4R5ZI-mbed-os,NUCLEO-L4R5ZI,120 MHz,ONNC,32-bit Arm Cortex-M4 (DSP + FPU),nan,Tiny,DSCNN,Energy in uJ,3454.85
1.1-0008,Skymizer,Available,NUCLEO-L4R5ZI-mbed-os,NUCLEO-L4R5ZI,120 MHz,ONNC,32-bit Arm Cortex-M4 (DSP + FPU),nan,Tiny,FC AutoEncoder,Latency in ms,8.07265
1.1-0008,Skymizer,Available,NUCLEO-L4R5ZI-mbed-os,NUCLEO-L4R5ZI,120 MHz,ONNC,32-bit Arm Cortex-M4 (DSP + FPU),nan,Tiny,FC AutoEncoder,Energy in uJ,334.536
1.1-0008,Skymizer,Available,NUCLEO-L4R5ZI-mbed-os,NUCLEO-L4R5ZI,120 MHz,ONNC,32-bit Arm Cortex-M4 (DSP + FPU),nan,Tiny,MobileNetV1 (0.25x),Latency in ms,172.176
1.1-0008,Skymizer,Available,NUCLEO-L4R5ZI-mbed-os,NUCLEO-L4R5ZI,120 MHz,ONNC,32-bit Arm Cortex-M4 (DSP + FPU),nan,Tiny,MobileNetV1 (0.25x),Energy in uJ,7477.62
1.1-0008,Skymizer,Available,NUCLEO-L4R5ZI-mbed-os,NUCLEO-L4R5ZI,120 MHz,ONNC,32-bit Arm Cortex-M4 (DSP + FPU),nan,Tiny,ResNet-V1,Latency in ms,298.686
1.1-0008,Skymizer,Available,NUCLEO-L4R5ZI-mbed-os,NUCLEO-L4R5ZI,120 MHz,ONNC,32-bit Arm Cortex-M4 (DSP + FPU),nan,Tiny,ResNet-V1,Energy in uJ,12684.3
1.1-0008,Skymizer,Available,NUCLEO-L4R5ZI-zephyr,NUCLEO-L4R5ZI,120 MHz,ONNC,32-bit Arm Cortex-M4 (DSP + FPU),nan,Tiny,DSCNN,Latency in ms,93.6417
1.1-0008,Skymizer,Available,NUCLEO-L4R5ZI-zephyr,NUCLEO-L4R5ZI,120 MHz,ONNC,32-bit Arm Cortex-M4 (DSP + FPU),nan,Tiny,DSCNN,Energy in uJ,4747.95
1.1-0008,Skymizer,Available,NUCLEO-L4R5ZI-zephyr,NUCLEO-L4R5ZI,120 MHz,ONNC,32-bit Arm Cortex-M4 (DSP + FPU),nan,Tiny,FC AutoEncoder,Latency in ms,8.00602
1.1-0008,Skymizer,Available,NUCLEO-L4R5ZI-zephyr,NUCLEO-L4R5ZI,120 MHz,ONNC,32-bit Arm Cortex-M4 (DSP + FPU),nan,Tiny,FC AutoEncoder,Energy in uJ,409.666
1.1-0008,Skymizer,Available,NUCLEO-L4R5ZI-zephyr,NUCLEO-L4R5ZI,120 MHz,ONNC,32-bit Arm Cortex-M4 (DSP + FPU),nan,Tiny,MobileNetV1 (0.25x),Latency in ms,197.785
1.1-0008,Skymizer,Available,NUCLEO-L4R5ZI-zephyr,NUCLEO-L4R5ZI,120 MHz,ONNC,32-bit Arm Cortex-M4 (DSP + FPU),nan,Tiny,MobileNetV1 (0.25x),Energy in uJ,10412.8
1.1-0008,Skymizer,Available,NUCLEO-L4R5ZI-zephyr,NUCLEO-L4R5ZI,120 MHz,ONNC,32-bit Arm Cortex-M4 (DSP + FPU),nan,Tiny,ResNet-V1,Latency in ms,296.56
1.1-0008,Skymizer,Available,NUCLEO-L4R5ZI-zephyr,NUCLEO-L4R5ZI,120 MHz,ONNC,32-bit Arm Cortex-M4 (DSP + FPU),nan,Tiny,ResNet-V1,Energy in uJ,14927.3
1.1-0009,cTuning,Available,NUCLEO-L4R5ZI-MicroTVM-CMSIS-NN,NUCLEO-L4R5ZI,120 MHz,microTVM,32-bit Arm Cortex-M4 (DSP + FPU),nan,Tiny,DSCNN,Latency in ms,99.8403
1.1-0009,cTuning,Available,NUCLEO-L4R5ZI-MicroTVM-CMSIS-NN,NUCLEO-L4R5ZI,120 MHz,microTVM,32-bit Arm Cortex-M4 (DSP + FPU),nan,Tiny,ResNet-V1,Latency in ms,389.56
1.1-0009,cTuning,Available,NUCLEO-L4R5ZI-MicroTVM-Native,NUCLEO-L4R5ZI,120 MHz,microTVM,32-bit Arm Cortex-M4 (DSP + FPU),nan,Tiny,DSCNN,Latency in ms,144.03
1.1-0009,cTuning,Available,NUCLEO-L4R5ZI-MicroTVM-Native,NUCLEO-L4R5ZI,120 MHz,microTVM,32-bit Arm Cortex-M4 (DSP + FPU),nan,Tiny,ResNet-V1,Latency in ms,389.105
1.1-0010,fpgaconvnet,Available,cora-z7,Cora-Z7,667 Mhz,fpgaConvNet (Model + Optimiser),Arm Cortex A9 Based,XC7Z007S,Tiny,DSCNN,Latency in ms,4.21122
1.1-0011,fpgaconvnet,Available,zc706,ZC706 Development Board,650 Mhz,fpgaConvNet (Model + Optimiser),Arm Cortex A9 Based,XC7Z045,Tiny,MobileNetV1 (0.25x),Latency in ms,0.720308
1.1-0011,fpgaconvnet,Available,zc706,ZC706 Development Board,650 Mhz,fpgaConvNet (Model + Optimiser),Arm Cortex A9 Based,XC7Z045,Tiny,ResNet-V1,Latency in ms,0.147285
1.1-0012,fpgaconvnet,Available,zedboard,ZedBoard,650 Mhz,fpgaConvNet (Model + Optimiser),Arm Cortex A9 Based,Xilinx Z-7020; XC7Z020,Tiny,DSCNN,Latency in ms,0.323846
1.1-0012,fpgaconvnet,Available,zedboard,ZedBoard,650 Mhz,fpgaConvNet (Model + Optimiser),Arm Cortex A9 Based,Xilinx Z-7020; XC7Z020,Tiny,MobileNetV1 (0.25x),Latency in ms,9.48659
1.1-0012,fpgaconvnet,Available,zedboard,ZedBoard,650 Mhz,fpgaConvNet (Model + Optimiser),Arm Cortex A9 Based,Xilinx Z-7020; XC7Z020,Tiny,ResNet-V1,Latency in ms,0.41128
1.1-0013,fpgaconvnet,Available,zybo,ZyBo,650 Mhz,fpgaConvNet (Model + Optimiser),Arm Cortex A9 Based,XC7Z010,Tiny,DSCNN,Latency in ms,2.15105
1.1-0013,fpgaconvnet,Available,zybo,ZyBo,650 Mhz,fpgaConvNet (Model + Optimiser),Arm Cortex A9 Based,XC7Z010,Tiny,ResNet-V1,Latency in ms,3.14959
1.1-0014,Plumerai,Available,CY8CPROTO-062-4343W,CY8CPROTO-062-4343W,150 MHz,Plumerai Inference Engine 2023.05,32-bit Arm Cortex-M4 (DSP + FPU),nan,Tiny,DSCNN,Latency in ms,54.0628
1.1-0014,Plumerai,Available,CY8CPROTO-062-4343W,CY8CPROTO-062-4343W,150 MHz,Plumerai Inference Engine 2023.05,32-bit Arm Cortex-M4 (DSP + FPU),nan,Tiny,FC AutoEncoder,Latency in ms,4.45522
1.1-0014,Plumerai,Available,CY8CPROTO-062-4343W,CY8CPROTO-062-4343W,150 MHz,Plumerai Inference Engine 2023.05,32-bit Arm Cortex-M4 (DSP + FPU),nan,Tiny,MobileNetV1 (0.25x),Latency in ms,108.295
1.1-0014,Plumerai,Available,CY8CPROTO-062-4343W,CY8CPROTO-062-4343W,150 MHz,Plumerai Inference Engine 2023.05,32-bit Arm Cortex-M4 (DSP + FPU),nan,Tiny,ResNet-V1,Latency in ms,188.964
1.1-0015,Plumerai,Available,DISCO-F746NG,DISCO-F746NG,216 MHz,Plumerai Inference Engine 2023.05,32-bit Arm Cortex-M7 (DSP + FPU),nan,Tiny,DSCNN,Latency in ms,17.7491
1.1-0015,Plumerai,Available,DISCO-F746NG,DISCO-F746NG,216 MHz,Plumerai Inference Engine 2023.05,32-bit Arm Cortex-M7 (DSP + FPU),nan,Tiny,FC AutoEncoder,Latency in ms,1.70881
1.1-0015,Plumerai,Available,DISCO-F746NG,DISCO-F746NG,216 MHz,Plumerai Inference Engine 2023.05,32-bit Arm Cortex-M7 (DSP + FPU),nan,Tiny,MobileNetV1 (0.25x),Latency in ms,34.0797
1.1-0015,Plumerai,Available,DISCO-F746NG,DISCO-F746NG,216 MHz,Plumerai Inference Engine 2023.05,32-bit Arm Cortex-M7 (DSP + FPU),nan,Tiny,ResNet-V1,Latency in ms,62.8773
1.1-0016,Plumerai,Available,NUCLEO-L4R5ZI,NUCLEO-L4R5ZI,120 MHz,Plumerai Inference Engine 2023.05,32-bit Arm Cortex-M4 (DSP + FPU),nan,Tiny,DSCNN,Latency in ms,47.7806
1.1-0016,Plumerai,Available,NUCLEO-L4R5ZI,NUCLEO-L4R5ZI,120 MHz,Plumerai Inference Engine 2023.05,32-bit Arm Cortex-M4 (DSP + FPU),nan,Tiny,FC AutoEncoder,Latency in ms,4.05163
1.1-0016,Plumerai,Available,NUCLEO-L4R5ZI,NUCLEO-L4R5ZI,120 MHz,Plumerai Inference Engine 2023.05,32-bit Arm Cortex-M4 (DSP + FPU),nan,Tiny,MobileNetV1 (0.25x),Latency in ms,98.7557
1.1-0016,Plumerai,Available,NUCLEO-L4R5ZI,NUCLEO-L4R5ZI,120 MHz,Plumerai Inference Engine 2023.05,32-bit Arm Cortex-M4 (DSP + FPU),nan,Tiny,ResNet-V1,Latency in ms,167.757
1.1-0017,Plumerai,Available,NUCLEO-H7A3ZI-Q,NUCLEO-H7A3ZI-Q,280 MHz,Plumerai Inference Engine 2023.05,32-bit Arm Cortex-M7 (DSP + FPU),nan,Tiny,DSCNN,Latency in ms,13.8617
1.1-0017,Plumerai,Available,NUCLEO-H7A3ZI-Q,NUCLEO-H7A3ZI-Q,280 MHz,Plumerai Inference Engine 2023.05,32-bit Arm Cortex-M7 (DSP + FPU),nan,Tiny,FC AutoEncoder,Latency in ms,1.34771
1.1-0017,Plumerai,Available,NUCLEO-H7A3ZI-Q,NUCLEO-H7A3ZI-Q,280 MHz,Plumerai Inference Engine 2023.05,32-bit Arm Cortex-M7 (DSP + FPU),nan,Tiny,MobileNetV1 (0.25x),Latency in ms,26.8168
1.1-0017,Plumerai,Available,NUCLEO-H7A3ZI-Q,NUCLEO-H7A3ZI-Q,280 MHz,Plumerai Inference Engine 2023.05,32-bit Arm Cortex-M7 (DSP + FPU),nan,Tiny,ResNet-V1,Latency in ms,50.9269
1.1-0018,Plumerai,Available,NUCLEO-U575ZI-Q,NUCLEO-U575ZI-Q,160 MHz,Plumerai Inference Engine 2023.05,32-bit Arm Cortex-M33 (DSP + FPU),nan,Tiny,DSCNN,Latency in ms,30.0427
1.1-0018,Plumerai,Available,NUCLEO-U575ZI-Q,NUCLEO-U575ZI-Q,160 MHz,Plumerai Inference Engine 2023.05,32-bit Arm Cortex-M33 (DSP + FPU),nan,Tiny,FC AutoEncoder,Latency in ms,3.67192
1.1-0018,Plumerai,Available,NUCLEO-U575ZI-Q,NUCLEO-U575ZI-Q,160 MHz,Plumerai Inference Engine 2023.05,32-bit Arm Cortex-M33 (DSP + FPU),nan,Tiny,MobileNetV1 (0.25x),Latency in ms,59.4919
1.1-0018,Plumerai,Available,NUCLEO-U575ZI-Q,NUCLEO-U575ZI-Q,160 MHz,Plumerai Inference Engine 2023.05,32-bit Arm Cortex-M33 (DSP + FPU),nan,Tiny,ResNet-V1,Latency in ms,104.286
1.1-0019,Syntiant,Available,syntiant_9120_1v1_98mhz,NDP9120,98.7 MHz,Syntiant TDK+SDK,HiFi3 + M0,Syntiant Core 2,Tiny,DSCNN,Latency in ms,1.5
1.1-0019,Syntiant,Available,syntiant_9120_1v1_98mhz,NDP9120,98.7 MHz,Syntiant TDK+SDK,HiFi3 + M0,Syntiant Core 2,Tiny,DSCNN,Energy in uJ,43.802
1.1-0019,Syntiant,Available,syntiant_9120_1v1_98mhz,NDP9120,98.7 MHz,Syntiant TDK+SDK,HiFi3 + M0,Syntiant Core 2,Tiny,MobileNetV1 (0.25x),Latency in ms,4.1
1.1-0019,Syntiant,Available,syntiant_9120_1v1_98mhz,NDP9120,98.7 MHz,Syntiant TDK+SDK,HiFi3 + M0,Syntiant Core 2,Tiny,MobileNetV1 (0.25x),Energy in uJ,97.164
1.1-0019,Syntiant,Available,syntiant_9120_1v1_98mhz,NDP9120,98.7 MHz,Syntiant TDK+SDK,HiFi3 + M0,Syntiant Core 2,Tiny,ResNet-V1,Latency in ms,5.1
1.1-0019,Syntiant,Available,syntiant_9120_1v1_98mhz,NDP9120,98.7 MHz,Syntiant TDK+SDK,HiFi3 + M0,Syntiant Core 2,Tiny,ResNet-V1,Energy in uJ,139.367
1.1-0019,Syntiant,Available,syntiant-9120-0v9-30mhz,NDP9120,30.7 MHz,Syntiant TDK+SDK,HiFi3 + M0,Syntiant Core 2,Tiny,DSCNN,Latency in ms,4.36716
1.1-0019,Syntiant,Available,syntiant-9120-0v9-30mhz,NDP9120,30.7 MHz,Syntiant TDK+SDK,HiFi3 + M0,Syntiant Core 2,Tiny,DSCNN,Energy in uJ,31.537
1.1-0019,Syntiant,Available,syntiant-9120-0v9-30mhz,NDP9120,30.7 MHz,Syntiant TDK+SDK,HiFi3 + M0,Syntiant Core 2,Tiny,MobileNetV1 (0.25x),Latency in ms,12.7226
1.1-0019,Syntiant,Available,syntiant-9120-0v9-30mhz,NDP9120,30.7 MHz,Syntiant TDK+SDK,HiFi3 + M0,Syntiant Core 2,Tiny,MobileNetV1 (0.25x),Energy in uJ,71.711
1.1-0019,Syntiant,Available,syntiant-9120-0v9-30mhz,NDP9120,30.7 MHz,Syntiant TDK+SDK,HiFi3 + M0,Syntiant Core 2,Tiny,ResNet-V1,Latency in ms,15.975
1.1-0019,Syntiant,Available,syntiant-9120-0v9-30mhz,NDP9120,30.7 MHz,Syntiant TDK+SDK,HiFi3 + M0,Syntiant Core 2,Tiny,ResNet-V1,Energy in uJ,101.833
1.1-0020,Robert Bosch GmbH,Preview,DISCO-F746NG,DISCO-F746NG,216 MHz,Bosch Hardware-Aware Lowering Engine (HALE) version 1.0,32-bit Arm Cortex-M7 (DSP + FPU),nan,Tiny,DSCNN,Latency in ms,18.4186
1.1-0020,Robert Bosch GmbH,Preview,DISCO-F746NG,DISCO-F746NG,216 MHz,Bosch Hardware-Aware Lowering Engine (HALE) version 1.0,32-bit Arm Cortex-M7 (DSP + FPU),nan,Tiny,FC AutoEncoder,Latency in ms,1.70261
1.1-0020,Robert Bosch GmbH,Preview,DISCO-F746NG,DISCO-F746NG,216 MHz,Bosch Hardware-Aware Lowering Engine (HALE) version 1.0,32-bit Arm Cortex-M7 (DSP + FPU),nan,Tiny,MobileNetV1 (0.25x),Latency in ms,57.18
1.1-0020,Robert Bosch GmbH,Preview,DISCO-F746NG,DISCO-F746NG,216 MHz,Bosch Hardware-Aware Lowering Engine (HALE) version 1.0,32-bit Arm Cortex-M7 (DSP + FPU),nan,Tiny,ResNet-V1,Latency in ms,61.5688
1.1-0021,Robert Bosch GmbH,Preview,NUCLEO-G0B1RE,NUCLEO-G0B1RE,64 MHz,Bosch Hardware-Aware Lowering Engine (HALE) version 1.0,32-bit Arm Cortex-M0+,nan,Tiny,DSCNN,Latency in ms,679.348
1.1-0021,Robert Bosch GmbH,Preview,NUCLEO-G0B1RE,NUCLEO-G0B1RE,64 MHz,Bosch Hardware-Aware Lowering Engine (HALE) version 1.0,32-bit Arm Cortex-M0+,nan,Tiny,FC AutoEncoder,Latency in ms,46.5463
1.1-0021,Robert Bosch GmbH,Preview,NUCLEO-G0B1RE,NUCLEO-G0B1RE,64 MHz,Bosch Hardware-Aware Lowering Engine (HALE) version 1.0,32-bit Arm Cortex-M0+,nan,Tiny,MobileNetV1 (0.25x),Latency in ms,1869.16
1.1-0021,Robert Bosch GmbH,Preview,NUCLEO-G0B1RE,NUCLEO-G0B1RE,64 MHz,Bosch Hardware-Aware Lowering Engine (HALE) version 1.0,32-bit Arm Cortex-M0+,nan,Tiny,ResNet-V1,Latency in ms,1669.45
1.1-0022,Robert Bosch GmbH,Preview,NUCLEO-H7A3ZI,NUCLEO-H7A3ZI,280 MHz,Bosch Hardware-Aware Lowering Engine (HALE) version 1.0,32-bit Arm Cortex-M7 (DSP + FPU),nan,Tiny,DSCNN,Latency in ms,14.7154
1.1-0022,Robert Bosch GmbH,Preview,NUCLEO-H7A3ZI,NUCLEO-H7A3ZI,280 MHz,Bosch Hardware-Aware Lowering Engine (HALE) version 1.0,32-bit Arm Cortex-M7 (DSP + FPU),nan,Tiny,FC AutoEncoder,Latency in ms,1.35633
1.1-0022,Robert Bosch GmbH,Preview,NUCLEO-H7A3ZI,NUCLEO-H7A3ZI,280 MHz,Bosch Hardware-Aware Lowering Engine (HALE) version 1.0,32-bit Arm Cortex-M7 (DSP + FPU),nan,Tiny,MobileNetV1 (0.25x),Latency in ms,43.66
1.1-0022,Robert Bosch GmbH,Preview,NUCLEO-H7A3ZI,NUCLEO-H7A3ZI,280 MHz,Bosch Hardware-Aware Lowering Engine (HALE) version 1.0,32-bit Arm Cortex-M7 (DSP + FPU),nan,Tiny,ResNet-V1,Latency in ms,46.8318
1.1-0023,Robert Bosch GmbH,Preview,NUCLEO-L4R5ZI,NUCLEO-L4R5ZI,120 MHz,Bosch Hardware-Aware Lowering Engine (HALE) version 1.0,32-bit Arm Cortex-M4 (DSP + FPU),nan,Tiny,DSCNN,Latency in ms,62.6802
1.1-0023,Robert Bosch GmbH,Preview,NUCLEO-L4R5ZI,NUCLEO-L4R5ZI,120 MHz,Bosch Hardware-Aware Lowering Engine (HALE) version 1.0,32-bit Arm Cortex-M4 (DSP + FPU),nan,Tiny,FC AutoEncoder,Latency in ms,5.65934
1.1-0023,Robert Bosch GmbH,Preview,NUCLEO-L4R5ZI,NUCLEO-L4R5ZI,120 MHz,Bosch Hardware-Aware Lowering Engine (HALE) version 1.0,32-bit Arm Cortex-M4 (DSP + FPU),nan,Tiny,MobileNetV1 (0.25x),Latency in ms,180.73
1.1-0023,Robert Bosch GmbH,Preview,NUCLEO-L4R5ZI,NUCLEO-L4R5ZI,120 MHz,Bosch Hardware-Aware Lowering Engine (HALE) version 1.0,32-bit Arm Cortex-M4 (DSP + FPU),nan,Tiny,ResNet-V1,Latency in ms,179.019
1.1-0024,Robert Bosch GmbH,Preview,NUCLEO-U575ZI,NUCLEO-U575ZI-Q,160 MHz,Bosch Hardware-Aware Lowering Engine (HALE) version 1.0,32-bit Arm Cortex-M33 (DSP + FPU),nan,Tiny,DSCNN,Latency in ms,39.7362
1.1-0024,Robert Bosch GmbH,Preview,NUCLEO-U575ZI,NUCLEO-U575ZI-Q,160 MHz,Bosch Hardware-Aware Lowering Engine (HALE) version 1.0,32-bit Arm Cortex-M33 (DSP + FPU),nan,Tiny,FC AutoEncoder,Latency in ms,3.80238
1.1-0024,Robert Bosch GmbH,Preview,NUCLEO-U575ZI,NUCLEO-U575ZI-Q,160 MHz,Bosch Hardware-Aware Lowering Engine (HALE) version 1.0,32-bit Arm Cortex-M33 (DSP + FPU),nan,Tiny,MobileNetV1 (0.25x),Latency in ms,114.74
1.1-0024,Robert Bosch GmbH,Preview,NUCLEO-U575ZI,NUCLEO-U575ZI-Q,160 MHz,Bosch Hardware-Aware Lowering Engine (HALE) version 1.0,32-bit Arm Cortex-M33 (DSP + FPU),nan,Tiny,ResNet-V1,Latency in ms,117.744
1.1-0025,kai-jiang,RDI,ZCU106,ZCU106,20 MHz,nan,RISC-V,ANPU,Tiny,MobileNetV1 (0.25x),Latency in ms,0.37
1.2-0001,Qualcomm,Available,Snapdragon_8_Gen_3_Mobile_Platform_MTP,Snapdragon 8 Gen 3 Mobile HDK,"Prime Core, up to 3.4Ghz, 5 Performance Cores, up to 3.2Ghz, 2 Efficiency Cores, up to 2.3Ghz",Qualcomm AI Stack,Qualcomm Kryo CPU,Qualcomm Sensing Hub,Tiny,Deep AutoEncoder,Latency in ms,0.0738498
1.2-0001,Qualcomm,Available,Snapdragon_8_Gen_3_Mobile_Platform_MTP,Snapdragon 8 Gen 3 Mobile HDK,"Prime Core, up to 3.4Ghz, 5 Performance Cores, up to 3.2Ghz, 2 Efficiency Cores, up to 2.3Ghz",Qualcomm AI Stack,Qualcomm Kryo CPU,Qualcomm Sensing Hub,Tiny,DSCNN,Latency in ms,0.085432
1.2-0001,Qualcomm,Available,Snapdragon_8_Gen_3_Mobile_Platform_MTP,Snapdragon 8 Gen 3 Mobile HDK,"Prime Core, up to 3.4Ghz, 5 Performance Cores, up to 3.2Ghz, 2 Efficiency Cores, up to 2.3Ghz",Qualcomm AI Stack,Qualcomm Kryo CPU,Qualcomm Sensing Hub,Tiny,MobileNetV1 0.25x,Latency in ms,0.191885
1.2-0001,Qualcomm,Available,Snapdragon_8_Gen_3_Mobile_Platform_MTP,Snapdragon 8 Gen 3 Mobile HDK,"Prime Core, up to 3.4Ghz, 5 Performance Cores, up to 3.2Ghz, 2 Efficiency Cores, up to 2.3Ghz",Qualcomm AI Stack,Qualcomm Kryo CPU,Qualcomm Sensing Hub,Tiny,ResNet-V1,Latency in ms,0.148765
1.2-0002,Renesas,Available,EK-RA8D1,EK-RA8D1,480 MHz,,32-bit Arm Cortex-M85,,Tiny,Deep AutoEncoder,Latency in ms,0.530747
1.2-0002,Renesas,Available,EK-RA8D1,EK-RA8D1,480 MHz,,32-bit Arm Cortex-M85,,Tiny,DSCNN,Latency in ms,3.46487
1.2-0002,Renesas,Available,EK-RA8D1,EK-RA8D1,480 MHz,,32-bit Arm Cortex-M85,,Tiny,MobileNetV1 0.25x,Latency in ms,13.3932
1.2-0002,Renesas,Available,EK-RA8D1,EK-RA8D1,480 MHz,,32-bit Arm Cortex-M85,,Tiny,ResNet-V1,Latency in ms,8.47831
1.2-0003,STMicroelectronics,Available,NUCLEO_H7A3ZI_Q,NUCLEO-H7A3ZI-Q,280 MHz,X-CUBE-AI v9.0,32-Bit ARM Cortex-M7,,Tiny,Deep AutoEncoder,Latency in ms,1.22548
1.2-0003,STMicroelectronics,Available,NUCLEO_H7A3ZI_Q,NUCLEO-H7A3ZI-Q,280 MHz,X-CUBE-AI v9.0,32-Bit ARM Cortex-M7,,Tiny,Deep AutoEncoder,Energy in uJ,165.728
1.2-0003,STMicroelectronics,Available,NUCLEO_H7A3ZI_Q,NUCLEO-H7A3ZI-Q,280 MHz,X-CUBE-AI v9.0,32-Bit ARM Cortex-M7,,Tiny,ResNet-V1,Latency in ms,40.8447
1.2-0003,STMicroelectronics,Available,NUCLEO_H7A3ZI_Q,NUCLEO-H7A3ZI-Q,280 MHz,X-CUBE-AI v9.0,32-Bit ARM Cortex-M7,,Tiny,ResNet-V1,Energy in uJ,5090.28
1.2-0003,STMicroelectronics,Available,NUCLEO_H7A3ZI_Q,NUCLEO-H7A3ZI-Q,280 MHz,X-CUBE-AI v9.0.0,32-Bit ARM Cortex-M7,,Tiny,DSCNN,Latency in ms,11.3179
1.2-0003,STMicroelectronics,Available,NUCLEO_H7A3ZI_Q,NUCLEO-H7A3ZI-Q,280 MHz,X-CUBE-AI v9.0.0,32-Bit ARM Cortex-M7,,Tiny,DSCNN,Energy in uJ,1375.6
1.2-0003,STMicroelectronics,Available,NUCLEO_H7A3ZI_Q,NUCLEO-H7A3ZI-Q,280 MHz,X-CUBE-AI v9.0.0,32-Bit ARM Cortex-M7,,Tiny,MobileNetV1 0.25x,Latency in ms,23.8044
1.2-0003,STMicroelectronics,Available,NUCLEO_H7A3ZI_Q,NUCLEO-H7A3ZI-Q,280 MHz,X-CUBE-AI v9.0.0,32-Bit ARM Cortex-M7,,Tiny,MobileNetV1 0.25x,Energy in uJ,2965.46
1.2-0004,STMicroelectronics,Available,NUCLEO_L4R5ZI,NUCLEO-L4R5ZI,120 MHz,X-CUBE-AI v9.0,32-bit Arm Cortex-M4 (DSP + FPU),,Tiny,Deep AutoEncoder,Latency in ms,5.26078
1.2-0004,STMicroelectronics,Available,NUCLEO_L4R5ZI,NUCLEO-L4R5ZI,120 MHz,X-CUBE-AI v9.0,32-bit Arm Cortex-M4 (DSP + FPU),,Tiny,Deep AutoEncoder,Energy in uJ,203.368
1.2-0004,STMicroelectronics,Available,NUCLEO_L4R5ZI,NUCLEO-L4R5ZI,120 MHz,X-CUBE-AI v9.0,32-bit Arm Cortex-M4 (DSP + FPU),,Tiny,DSCNN,Latency in ms,43.1872
1.2-0004,STMicroelectronics,Available,NUCLEO_L4R5ZI,NUCLEO-L4R5ZI,120 MHz,X-CUBE-AI v9.0,32-bit Arm Cortex-M4 (DSP + FPU),,Tiny,DSCNN,Energy in uJ,1820.45
1.2-0004,STMicroelectronics,Available,NUCLEO_L4R5ZI,NUCLEO-L4R5ZI,120 MHz,X-CUBE-AI v9.0,32-bit Arm Cortex-M4 (DSP + FPU),,Tiny,MobileNetV1 0.25x,Latency in ms,88.9284
1.2-0004,STMicroelectronics,Available,NUCLEO_L4R5ZI,NUCLEO-L4R5ZI,120 MHz,X-CUBE-AI v9.0,32-bit Arm Cortex-M4 (DSP + FPU),,Tiny,MobileNetV1 0.25x,Energy in uJ,3894.57
1.2-0004,STMicroelectronics,Available,NUCLEO_L4R5ZI,NUCLEO-L4R5ZI,120 MHz,X-CUBE-AI v9.0,32-bit Arm Cortex-M4 (DSP + FPU),,Tiny,ResNet-V1,Latency in ms,165.125
1.2-0004,STMicroelectronics,Available,NUCLEO_L4R5ZI,NUCLEO-L4R5ZI,120 MHz,X-CUBE-AI v9.0,32-bit Arm Cortex-M4 (DSP + FPU),,Tiny,ResNet-V1,Energy in uJ,6919.38
1.2-0005,STMicroelectronics,Available,NUCLEO_U575ZI_Q,NUCLEO-U575ZI-Q,160 MHz,X-CUBE-AI v9.0,Arm Cortex-M33 32-bit RISC core,,Tiny,DSCNN,Latency in ms,29.0563
1.2-0005,STMicroelectronics,Available,NUCLEO_U575ZI_Q,NUCLEO-U575ZI-Q,160 MHz,X-CUBE-AI v9.0,Arm Cortex-M33 32-bit RISC core,,Tiny,DSCNN,Energy in uJ,656.163
1.2-0005,STMicroelectronics,Available,NUCLEO_U575ZI_Q,NUCLEO-U575ZI-Q,160 MHz,X-CUBE-AI v9.0,Arm Cortex-M33 32-bit RISC core,,Tiny,MobileNetV1 0.25x,Latency in ms,59.2768
1.2-0005,STMicroelectronics,Available,NUCLEO_U575ZI_Q,NUCLEO-U575ZI-Q,160 MHz,X-CUBE-AI v9.0,Arm Cortex-M33 32-bit RISC core,,Tiny,MobileNetV1 0.25x,Energy in uJ,1354.68
1.2-0005,STMicroelectronics,Available,NUCLEO_U575ZI_Q,NUCLEO-U575ZI-Q,160 MHz,X-CUBE-AI v9.0.0,Arm Cortex-M33 32-bit RISC core,,Tiny,Deep AutoEncoder,Latency in ms,3.42948
1.2-0005,STMicroelectronics,Available,NUCLEO_U575ZI_Q,NUCLEO-U575ZI-Q,160 MHz,X-CUBE-AI v9.0.0,Arm Cortex-M33 32-bit RISC core,,Tiny,Deep AutoEncoder,Energy in uJ,81.875
1.2-0005,STMicroelectronics,Available,NUCLEO_U575ZI_Q,NUCLEO-U575ZI-Q,160 MHz,X-CUBE-AI v9.0.0,Arm Cortex-M33 32-bit RISC core,,Tiny,ResNet-V1,Latency in ms,111.074
1.2-0005,STMicroelectronics,Available,NUCLEO_U575ZI_Q,NUCLEO-U575ZI-Q,160 MHz,X-CUBE-AI v9.0.0,Arm Cortex-M33 32-bit RISC core,,Tiny,ResNet-V1,Energy in uJ,2578.97
1.2-0006,Skymizer,Available,TinkerV-linux-andes_nn,ASUS Tinker V,1.0 GHz,{'andes_nn': {'SHA': ''}},RISC-V AndesCore™ AX45MP Single core,,Tiny,Deep AutoEncoder,Latency in ms,0.367258
1.2-0006,Skymizer,Available,TinkerV-linux-andes_nn,ASUS Tinker V,1.0 GHz,{'andes_nn': {'SHA': ''}},RISC-V AndesCore™ AX45MP Single core,,Tiny,ResNet-V1,Latency in ms,33.37
1.2-0007,Robert Bosch GmbH,Available,CY8CPROTO_062_4343W_float,CY8CPROTO-062-4343W,150 MHz,,32-bit Arm Cortex-M4 (DSP + FPU),,Tiny,Deep AutoEncoder,Latency in ms,16.7754
1.2-0007,Robert Bosch GmbH,Available,CY8CPROTO_062_4343W_float,CY8CPROTO-062-4343W,150 MHz,,32-bit Arm Cortex-M4 (DSP + FPU),,Tiny,MobileNetV1 0.25x,Latency in ms,360.62
1.2-0007,Robert Bosch GmbH,Available,CY8CPROTO_062_4343W_float,CY8CPROTO-062-4343W,150 MHz,,32-bit Arm Cortex-M4 (DSP + FPU),,Tiny,ResNet-V1,Latency in ms,479.846
1.2-0008,Robert Bosch GmbH,Available,CY8CPROTO_062_4343W_int8,CY8CPROTO-062-4343W,150 MHz,,32-bit Arm Cortex-M4 (DSP + FPU),,Tiny,Deep AutoEncoder,Latency in ms,5.96862
1.2-0008,Robert Bosch GmbH,Available,CY8CPROTO_062_4343W_int8,CY8CPROTO-062-4343W,150 MHz,,32-bit Arm Cortex-M4 (DSP + FPU),,Tiny,DSCNN,Latency in ms,54.1536
1.2-0008,Robert Bosch GmbH,Available,CY8CPROTO_062_4343W_int8,CY8CPROTO-062-4343W,150 MHz,,32-bit Arm Cortex-M4 (DSP + FPU),,Tiny,MobileNetV1 0.25x,Latency in ms,154.679
1.2-0008,Robert Bosch GmbH,Available,CY8CPROTO_062_4343W_int8,CY8CPROTO-062-4343W,150 MHz,,32-bit Arm Cortex-M4 (DSP + FPU),,Tiny,ResNet-V1,Latency in ms,162.206
1.2-0009,Robert Bosch GmbH,Available,CY8CPROTO_062_4343W_int8_max_performance,CY8CPROTO-062-4343W,150 MHz,,32-bit Arm Cortex-M4 (DSP + FPU),,Tiny,Deep AutoEncoder,Latency in ms,4.93024
1.2-0010,Robert Bosch GmbH,Available,DISCO_F746NG_int8,DISCO-F746NG,216 MHz,,32-bit Arm Cortex-M7 (DSP + FPU),,Tiny,Deep AutoEncoder,Latency in ms,1.71122
1.2-0010,Robert Bosch GmbH,Available,DISCO_F746NG_int8,DISCO-F746NG,216 MHz,,32-bit Arm Cortex-M7 (DSP + FPU),,Tiny,DSCNN,Latency in ms,18.9588
1.2-0010,Robert Bosch GmbH,Available,DISCO_F746NG_int8,DISCO-F746NG,216 MHz,,32-bit Arm Cortex-M7 (DSP + FPU),,Tiny,MobileNetV1 0.25x,Latency in ms,57.2475
1.2-0010,Robert Bosch GmbH,Available,DISCO_F746NG_int8,DISCO-F746NG,216 MHz,,32-bit Arm Cortex-M7 (DSP + FPU),,Tiny,ResNet-V1,Latency in ms,62.5547
1.2-0011,Robert Bosch GmbH,Available,DISCO_F746NG_int8_max_performance,DISCO-F746NG,216 MHz,,32-bit Arm Cortex-M7 (DSP + FPU),,Tiny,Deep AutoEncoder,Latency in ms,1.42489
1.2-0012,Robert Bosch GmbH,Available,NUCLEO_G0B1RE_int8,NUCLEO-G0B1RE,64 MHz,,32-bit Arm Cortex-M0+,,Tiny,Deep AutoEncoder,Latency in ms,40.8931
1.2-0012,Robert Bosch GmbH,Available,NUCLEO_G0B1RE_int8,NUCLEO-G0B1RE,64 MHz,,32-bit Arm Cortex-M0+,,Tiny,DSCNN,Latency in ms,474.608
1.2-0012,Robert Bosch GmbH,Available,NUCLEO_G0B1RE_int8,NUCLEO-G0B1RE,64 MHz,,32-bit Arm Cortex-M0+,,Tiny,MobileNetV1 0.25x,Latency in ms,1414.43
1.2-0012,Robert Bosch GmbH,Available,NUCLEO_G0B1RE_int8,NUCLEO-G0B1RE,64 MHz,,32-bit Arm Cortex-M0+,,Tiny,ResNet-V1,Latency in ms,1522.07
1.2-0013,Robert Bosch GmbH,Available,NUCLEO_H7A3ZI_float,NUCLEO-H7A3ZI,280 MHz,,32-bit Arm Cortex-M7 (DSP + FPU),,Tiny,Deep AutoEncoder,Latency in ms,5.22991
1.2-0013,Robert Bosch GmbH,Available,NUCLEO_H7A3ZI_float,NUCLEO-H7A3ZI,280 MHz,,32-bit Arm Cortex-M7 (DSP + FPU),,Tiny,MobileNetV1 0.25x,Latency in ms,81.42
1.2-0013,Robert Bosch GmbH,Available,NUCLEO_H7A3ZI_float,NUCLEO-H7A3ZI,280 MHz,,32-bit Arm Cortex-M7 (DSP + FPU),,Tiny,ResNet-V1,Latency in ms,124.224
1.2-0014,Robert Bosch GmbH,Available,NUCLEO_H7A3ZI_int8,NUCLEO-H7A3ZI,280 MHz,,32-bit Arm Cortex-M7 (DSP + FPU),,Tiny,Deep AutoEncoder,Latency in ms,1.35941
1.2-0014,Robert Bosch GmbH,Available,NUCLEO_H7A3ZI_int8,NUCLEO-H7A3ZI,280 MHz,,32-bit Arm Cortex-M7 (DSP + FPU),,Tiny,DSCNN,Latency in ms,14.688
1.2-0014,Robert Bosch GmbH,Available,NUCLEO_H7A3ZI_int8,NUCLEO-H7A3ZI,280 MHz,,32-bit Arm Cortex-M7 (DSP + FPU),,Tiny,MobileNetV1 0.25x,Latency in ms,43.7637
1.2-0014,Robert Bosch GmbH,Available,NUCLEO_H7A3ZI_int8,NUCLEO-H7A3ZI,280 MHz,,32-bit Arm Cortex-M7 (DSP + FPU),,Tiny,ResNet-V1,Latency in ms,45.8484
1.2-0015,Robert Bosch GmbH,Available,NUCLEO_H7A3ZI_int8_max_performance,NUCLEO-H7A3ZI,280 MHz,,32-bit Arm Cortex-M7 (DSP + FPU),,Tiny,Deep AutoEncoder,Latency in ms,1.08322
1.2-0016,Robert Bosch GmbH,Available,NUCLEO_H7A3ZI_int8_min_ram,NUCLEO-H7A3ZI,280 MHz,,32-bit Arm Cortex-M7 (DSP + FPU),,Tiny,ResNet-V1,Latency in ms,84.5094
1.2-0017,Robert Bosch GmbH,Available,NUCLEO_L4R5ZI_int8,NUCLEO-L4R5ZI,120 MHz,,32-bit Arm Cortex-M4 (DSP + FPU),,Tiny,Deep AutoEncoder,Latency in ms,5.83516
1.2-0017,Robert Bosch GmbH,Available,NUCLEO_L4R5ZI_int8,NUCLEO-L4R5ZI,120 MHz,,32-bit Arm Cortex-M4 (DSP + FPU),,Tiny,DSCNN,Latency in ms,60.1576
1.2-0017,Robert Bosch GmbH,Available,NUCLEO_L4R5ZI_int8,NUCLEO-L4R5ZI,120 MHz,,32-bit Arm Cortex-M4 (DSP + FPU),,Tiny,MobileNetV1 0.25x,Latency in ms,180.505
1.2-0017,Robert Bosch GmbH,Available,NUCLEO_L4R5ZI_int8,NUCLEO-L4R5ZI,120 MHz,,32-bit Arm Cortex-M4 (DSP + FPU),,Tiny,ResNet-V1,Latency in ms,180.538
1.2-0018,Robert Bosch GmbH,Available,NUCLEO_L4R5ZI_int8_max_performance,NUCLEO-L4R5ZI,120 MHz,,32-bit Arm Cortex-M4 (DSP + FPU),,Tiny,Deep AutoEncoder,Latency in ms,4.72831
1.2-0019,Robert Bosch GmbH,Available,NUCLEO_U575ZI_int8,NUCLEO-U575ZI-Q,160 MHz,,32-bit Arm Cortex-M33 (DSP + FPU),,Tiny,Deep AutoEncoder,Latency in ms,3.80431
1.2-0019,Robert Bosch GmbH,Available,NUCLEO_U575ZI_int8,NUCLEO-U575ZI-Q,160 MHz,,32-bit Arm Cortex-M33 (DSP + FPU),,Tiny,DSCNN,Latency in ms,38.5832
1.2-0019,Robert Bosch GmbH,Available,NUCLEO_U575ZI_int8,NUCLEO-U575ZI-Q,160 MHz,,32-bit Arm Cortex-M33 (DSP + FPU),,Tiny,MobileNetV1 0.25x,Latency in ms,119.832
1.2-0019,Robert Bosch GmbH,Available,NUCLEO_U575ZI_int8,NUCLEO-U575ZI-Q,160 MHz,,32-bit Arm Cortex-M33 (DSP + FPU),,Tiny,ResNet-V1,Latency in ms,120.54
1.2-0020,Robert Bosch GmbH,Available,NUCLEO_U575ZI_int8_max_performance,NUCLEO-U575ZI-Q,160 MHz,,32-bit Arm Cortex-M33 (DSP + FPU),,Tiny,Deep AutoEncoder,Latency in ms,3.09093
1.2-0021,Robert Bosch GmbH,Available,RENESAS_RH850_F1KMS4_float,Renesas RH850/F1KM-S4 R7F701649,240 MHz,,32-bit RH850G3KH2.0,,Tiny,Deep AutoEncoder,Latency in ms,6.18349
1.2-0021,Robert Bosch GmbH,Available,RENESAS_RH850_F1KMS4_float,Renesas RH850/F1KM-S4 R7F701649,240 MHz,,32-bit RH850G3KH2.0,,Tiny,ResNet-V1,Latency in ms,222.469
1.2-0022,Robert Bosch GmbH,Available,RENESAS_RH850_F1KMS4_int8,Renesas RH850/F1KM-S4 R7F701649,240 MHz,,32-bit RH850G3KH2.0,,Tiny,Deep AutoEncoder,Latency in ms,7.44214
1.2-0022,Robert Bosch GmbH,Available,RENESAS_RH850_F1KMS4_int8,Renesas RH850/F1KM-S4 R7F701649,240 MHz,,32-bit RH850G3KH2.0,,Tiny,DSCNN,Latency in ms,63.6537
1.2-0022,Robert Bosch GmbH,Available,RENESAS_RH850_F1KMS4_int8,Renesas RH850/F1KM-S4 R7F701649,240 MHz,,32-bit RH850G3KH2.0,,Tiny,ResNet-V1,Latency in ms,232.883
1.2-0023,Robert Bosch GmbH,Available,RENESAS_RH850_F1KMS4_int8_max_performance,Renesas RH850/F1KM-S4 R7F701649,240 MHz,,32-bit RH850G3KH2.0,,Tiny,Deep AutoEncoder,Latency in ms,5.63889
1.2-0024,kai-jiang,RDI,LC236R5E176_BOARD_V2.0,LC236R5E176_BOARD_V2.0,277.5M,self-developed,RISC-V,,Tiny,MobileNetV1 0.25x,Latency in ms,120.279
1.2-0024,kai-jiang,RDI,LC236R5E176_BOARD_V2.0,LC236R5E176_BOARD_V2.0,277.5M,self-developed,RISC-V,,Tiny,ResNet-V1,Latency in ms,108.003
1.2-0025,kai-jiang,RDI,VCU128,VCU128,40M,self-developed,RISC-V,ANPU,Tiny,MobileNetV1 0.25x,Latency in ms,0.289374
1.2-0026,syntiant,Available,syntiant_9120_0v9_30mhz,NDP9120,30.7 MHz,"TensorFlow, Syntiant SDK",HiFi3 + M0,Syntiant Core 2,Tiny,DSCNN,Latency in ms,4.36716
1.2-0026,syntiant,Available,syntiant_9120_0v9_30mhz,NDP9120,30.7 MHz,"TensorFlow, Syntiant SDK",HiFi3 + M0,Syntiant Core 2,Tiny,DSCNN,Energy in uJ,31.537
1.2-0026,syntiant,Available,syntiant_9120_0v9_30mhz,NDP9120,30.7 MHz,"TensorFlow, Syntiant SDK",HiFi3 + M0,Syntiant Core 2,Tiny,MobileNetV1 0.25x,Latency in ms,12.7226
1.2-0026,syntiant,Available,syntiant_9120_0v9_30mhz,NDP9120,30.7 MHz,"TensorFlow, Syntiant SDK",HiFi3 + M0,Syntiant Core 2,Tiny,MobileNetV1 0.25x,Energy in uJ,71.711
1.2-0026,syntiant,Available,syntiant_9120_0v9_30mhz,NDP9120,30.7 MHz,"TensorFlow, Syntiant SDK",HiFi3 + M0,Syntiant Core 2,Tiny,ResNet-V1,Latency in ms,15.975
1.2-0026,syntiant,Available,syntiant_9120_0v9_30mhz,NDP9120,30.7 MHz,"TensorFlow, Syntiant SDK",HiFi3 + M0,Syntiant Core 2,Tiny,ResNet-V1,Energy in uJ,101.833
1.2-0027,syntiant,Available,syntiant_9120_1v1_98mhz,NDP9120,98.7 MHz,"TensorFlow, Syntiant SDK",HiFi3 + M0,Syntiant Core 2,Tiny,DSCNN,Latency in ms,1.48143
1.2-0027,syntiant,Available,syntiant_9120_1v1_98mhz,NDP9120,98.7 MHz,"TensorFlow, Syntiant SDK",HiFi3 + M0,Syntiant Core 2,Tiny,DSCNN,Energy in uJ,43.802
1.2-0027,syntiant,Available,syntiant_9120_1v1_98mhz,NDP9120,98.7 MHz,"TensorFlow, Syntiant SDK",HiFi3 + M0,Syntiant Core 2,Tiny,MobileNetV1 0.25x,Latency in ms,4.10033
1.2-0027,syntiant,Available,syntiant_9120_1v1_98mhz,NDP9120,98.7 MHz,"TensorFlow, Syntiant SDK",HiFi3 + M0,Syntiant Core 2,Tiny,MobileNetV1 0.25x,Energy in uJ,97.164
1.2-0027,syntiant,Available,syntiant_9120_1v1_98mhz,NDP9120,98.7 MHz,"TensorFlow, Syntiant SDK",HiFi3 + M0,Syntiant Core 2,Tiny,ResNet-V1,Latency in ms,5.12195
1.2-0027,syntiant,Available,syntiant_9120_1v1_98mhz,NDP9120,98.7 MHz,"TensorFlow, Syntiant SDK",HiFi3 + M0,Syntiant Core 2,Tiny,ResNet-V1,Energy in uJ,139.367
